pair,stage,be,lock,trades,win_rate,roi,sharpe,max_dd,expectancy_R,exp_R_half1,exp_R_half2,oos_pass,months_pos,months_total
XAG_USD,baseline,,,88,39.8,64.53,4.6,-6.28,0.586,0.414,0.767,True,10,11
XAG_USD,be,0.25->-0.3,,123,19.5,30.21,2.47,-6.79,0.224,0.22,0.228,True,9,11
XAG_USD,be,0.25->-0.2,,125,17.6,30.61,2.58,-5.84,0.222,0.234,0.212,True,10,11
XAG_USD,be,0.25->-0.1,,131,16.0,35.33,2.95,-6.56,0.239,0.214,0.262,True,9,11
XAG_USD,be,0.25->0.0,,135,14.1,37.77,3.15,-4.0,0.244,0.286,0.208,True,8,11
XAG_USD,be,0.5->-0.3,,115,22.6,34.03,2.73,-7.62,0.266,0.247,0.283,True,9,11
XAG_USD,be,0.5->-0.2,,116,22.4,42.05,3.29,-7.16,0.314,0.302,0.325,True,9,11
XAG_USD,be,0.5->-0.1,,118,21.2,44.84,3.52,-6.69,0.325,0.293,0.353,True,9,11
XAG_USD,be,0.5->0.0,,120,20.8,52.73,3.98,-6.22,0.363,0.35,0.375,True,10,11
XAG_USD,be,0.75->-0.3,,110,25.5,38.22,2.94,-6.5,0.307,0.326,0.292,True,10,11
XAG_USD,be,0.75->-0.2,,112,25.0,43.01,3.24,-5.84,0.332,0.341,0.325,True,10,11
XAG_USD,be,0.75->-0.1,,113,23.9,45.25,3.43,-6.75,0.343,0.314,0.367,True,9,11
XAG_USD,be,0.75->0.0,,115,23.5,51.02,3.75,-4.96,0.371,0.358,0.381,True,10,11
XAG_USD,be,1.0->-0.3,,103,29.1,43.16,3.22,-7.79,0.364,0.416,0.314,True,10,11
XAG_USD,be,1.0->-0.2,,104,28.8,47.24,3.47,-7.69,0.387,0.448,0.33,True,10,11
XAG_USD,be,1.0->-0.1,,105,27.6,45.84,3.42,-7.32,0.374,0.39,0.358,True,10,11
XAG_USD,be,1.0->0.0,,108,27.8,53.55,3.75,-6.95,0.412,0.492,0.342,True,10,11
XAG_USD,be,1.5->-0.3,,92,33.7,50.99,3.86,-5.9,0.465,0.388,0.55,True,10,11
XAG_USD,be,1.5->-0.2,,92,33.7,53.43,4.02,-5.85,0.483,0.409,0.564,True,10,11
XAG_USD,be,1.5->-0.1,,93,32.3,49.71,3.81,-5.85,0.451,0.337,0.577,True,10,11
XAG_USD,be,1.5->0.0,,93,32.3,52.27,3.97,-5.85,0.469,0.359,0.591,True,10,11
XAG_USD,lock,,1.0->0.5,113,57.5,35.39,2.97,-5.29,0.278,0.394,0.183,True,9,11
XAG_USD,lock,,1.5->0.5,107,47.7,31.73,2.45,-7.46,0.27,0.471,0.107,True,8,11
XAG_USD,lock,,1.5->1.0,110,50.0,30.13,2.56,-8.72,0.249,0.38,0.145,True,8,11
XAG_USD,lock,,2.0->1.0,94,43.6,40.53,3.27,-8.1,0.377,0.458,0.303,True,9,11
XAG_USD,lock,,2.0->1.5,94,47.9,63.99,4.8,-7.64,0.542,0.546,0.538,True,10,11
XAG_USD,lock,,2.5->1.5,87,42.5,55.35,4.34,-6.28,0.524,0.425,0.631,True,10,11
XAG_USD,lock,,2.5->2.0,89,41.6,50.84,4.06,-6.31,0.479,0.414,0.545,True,7,11
XAG_USD,be+lock,0.25->-0.3,1.0->0.5,130,41.5,24.1,2.36,-5.78,0.172,0.176,0.169,True,8,11
XAG_USD,be+lock,0.25->-0.3,1.5->0.5,129,31.0,25.84,2.21,-5.35,0.186,0.269,0.112,True,9,11
XAG_USD,be+lock,0.25->-0.3,1.5->1.0,130,31.5,18.24,1.85,-7.85,0.135,0.187,0.088,True,8,11
XAG_USD,be+lock,0.25->-0.3,2.0->1.0,126,26.2,19.0,1.79,-6.33,0.145,0.197,0.098,True,8,11
XAG_USD,be+lock,0.25->-0.3,2.0->1.5,124,28.2,34.51,3.08,-5.57,0.247,0.246,0.248,True,9,11
XAG_USD,be+lock,0.25->-0.3,2.5->1.5,120,22.5,25.99,2.37,-7.31,0.201,0.236,0.167,True,7,11
XAG_USD,be+lock,0.25->-0.3,2.5->2.0,120,22.5,28.52,2.56,-6.86,0.217,0.253,0.184,True,7,11
XAG_USD,be+lock,0.25->-0.2,1.0->0.5,132,38.6,25.48,2.46,-5.12,0.178,0.208,0.151,True,8,11
XAG_USD,be+lock,0.25->-0.2,1.5->0.5,130,29.2,27.94,2.43,-5.05,0.197,0.269,0.133,True,9,11
XAG_USD,be+lock,0.25->-0.2,1.5->1.0,131,29.8,21.99,2.22,-7.2,0.157,0.22,0.103,True,8,11
XAG_USD,be+lock,0.25->-0.2,2.0->1.0,128,25.0,22.08,2.1,-6.49,0.163,0.2,0.129,True,9,11
XAG_USD,be+lock,0.25->-0.2,2.0->1.5,128,25.8,33.92,3.05,-5.38,0.235,0.251,0.221,True,9,11
XAG_USD,be+lock,0.25->-0.2,2.5->1.5,127,20.5,26.43,2.37,-5.84,0.192,0.244,0.147,True,8,11
XAG_USD,be+lock,0.25->-0.2,2.5->2.0,127,20.5,28.97,2.56,-5.84,0.208,0.261,0.162,True,9,11
XAG_USD,be+lock,0.25->-0.1,1.0->0.5,135,36.3,31.8,3.02,-4.26,0.21,0.242,0.182,True,8,11
XAG_USD,be+lock,0.25->-0.1,1.5->0.5,134,26.1,33.85,2.88,-3.85,0.225,0.31,0.149,True,9,11
XAG_USD,be+lock,0.25->-0.1,1.5->1.0,135,26.7,25.73,2.59,-4.75,0.175,0.262,0.099,True,8,11
XAG_USD,be+lock,0.25->-0.1,2.0->1.0,133,21.8,26.21,2.46,-4.2,0.181,0.224,0.143,True,8,11
XAG_USD,be+lock,0.25->-0.1,2.0->1.5,133,22.6,36.55,3.3,-3.47,0.241,0.266,0.217,True,9,11
XAG_USD,be+lock,0.25->-0.1,2.5->1.5,133,18.0,30.45,2.71,-6.56,0.207,0.217,0.197,True,9,11
XAG_USD,be+lock,0.25->-0.1,2.5->2.0,133,18.0,31.76,2.83,-6.56,0.214,0.217,0.211,True,8,11
XAG_USD,be+lock,0.25->0.0,1.0->0.5,137,30.7,33.34,3.22,-3.01,0.215,0.281,0.158,True,7,11
XAG_USD,be+lock,0.25->0.0,1.5->0.5,136,22.8,39.25,3.35,-2.98,0.25,0.357,0.158,True,10,11
XAG_USD,be+lock,0.25->0.0,1.5->1.0,137,23.4,31.43,3.15,-3.01,0.204,0.302,0.122,True,7,11
XAG_USD,be+lock,0.25->0.0,2.0->1.0,135,18.5,30.01,2.87,-2.98,0.2,0.27,0.139,True,8,11
XAG_USD,be+lock,0.25->0.0,2.0->1.5,135,19.3,37.34,3.48,-2.97,0.241,0.305,0.183,True,10,11
XAG_USD,be+lock,0.25->0.0,2.5->1.5,135,14.8,31.87,2.89,-4.0,0.211,0.262,0.167,True,8,11
XAG_USD,be+lock,0.25->0.0,2.5->2.0,135,14.8,31.25,2.9,-4.0,0.207,0.254,0.167,True,7,11
XAG_USD,be+lock,0.5->-0.3,1.0->0.5,123,48.0,30.44,2.81,-5.38,0.224,0.212,0.234,True,7,11
XAG_USD,be+lock,0.5->-0.3,1.5->0.5,121,36.4,32.54,2.69,-6.13,0.242,0.322,0.174,True,10,11
XAG_USD,be+lock,0.5->-0.3,1.5->1.0,123,38.2,27.09,2.62,-5.91,0.202,0.246,0.164,True,9,11
XAG_USD,be+lock,0.5->-0.3,2.0->1.0,117,29.9,29.58,2.56,-7.62,0.231,0.293,0.176,True,9,11
XAG_USD,be+lock,0.5->-0.3,2.0->1.5,115,33.0,47.64,3.9,-7.62,0.349,0.368,0.331,True,10,11
XAG_USD,be+lock,0.5->-0.3,2.5->1.5,112,25.9,31.6,2.75,-7.62,0.255,0.264,0.247,True,9,11
XAG_USD,be+lock,0.5->-0.3,2.5->2.0,112,25.9,32.28,2.82,-7.62,0.26,0.282,0.239,True,9,11
XAG_USD,be+lock,0.5->-0.2,1.0->0.5,123,46.3,32.82,3.03,-5.85,0.238,0.228,0.248,True,7,11
XAG_USD,be+lock,0.5->-0.2,1.5->0.5,121,35.5,37.83,3.11,-6.5,0.274,0.348,0.211,True,10,11
XAG_USD,be+lock,0.5->-0.2,1.5->1.0,123,36.6,29.94,2.92,-6.04,0.22,0.263,0.182,True,9,11
XAG_USD,be+lock,0.5->-0.2,2.0->1.0,118,30.5,37.88,3.19,-7.16,0.281,0.338,0.232,True,10,11
XAG_USD,be+lock,0.5->-0.2,2.0->1.5,118,32.2,53.07,4.2,-7.16,0.37,0.413,0.332,True,11,11
XAG_USD,be+lock,0.5->-0.2,2.5->1.5,118,25.4,39.54,3.2,-7.16,0.292,0.313,0.275,True,9,11
XAG_USD,be+lock,0.5->-0.2,2.5->2.0,118,25.4,38.9,3.21,-7.16,0.288,0.331,0.251,True,10,11
XAG_USD,be+lock,0.5->-0.1,1.0->0.5,123,43.9,34.97,3.23,-5.57,0.251,0.236,0.265,True,7,11
XAG_USD,be+lock,0.5->-0.1,1.5->0.5,122,33.6,41.33,3.35,-6.13,0.293,0.389,0.211,True,10,11
XAG_USD,be+lock,0.5->-0.1,1.5->1.0,124,34.7,32.05,3.11,-5.66,0.231,0.304,0.169,True,9,11
XAG_USD,be+lock,0.5->-0.1,2.0->1.0,120,27.5,39.01,3.27,-6.69,0.283,0.356,0.22,True,10,11
XAG_USD,be+lock,0.5->-0.1,2.0->1.5,120,29.2,52.05,4.16,-6.69,0.358,0.419,0.303,True,10,11
XAG_USD,be+lock,0.5->-0.1,2.5->1.5,120,24.2,43.95,3.51,-6.69,0.313,0.325,0.303,True,10,11
XAG_USD,be+lock,0.5->-0.1,2.5->2.0,120,24.2,42.6,3.49,-6.69,0.305,0.334,0.28,True,10,11
XAG_USD,be+lock,0.5->0.0,1.0->0.5,123,42.3,40.07,3.66,-5.28,0.281,0.269,0.292,True,9,11
XAG_USD,be+lock,0.5->0.0,1.5->0.5,122,32.0,48.44,3.88,-5.75,0.333,0.422,0.258,True,11,11
XAG_USD,be+lock,0.5->0.0,1.5->1.0,124,32.3,36.11,3.54,-5.28,0.255,0.309,0.209,True,9,11
XAG_USD,be+lock,0.5->0.0,2.0->1.0,120,25.0,41.34,3.58,-6.22,0.297,0.332,0.266,True,9,11
XAG_USD,be+lock,0.5->0.0,2.0->1.5,120,26.7,51.55,4.29,-6.22,0.355,0.388,0.325,True,11,11
XAG_USD,be+lock,0.5->0.0,2.5->1.5,120,22.5,48.37,3.86,-6.22,0.338,0.35,0.328,True,10,11
XAG_USD,be+lock,0.5->0.0,2.5->2.0,120,22.5,45.54,3.78,-6.22,0.322,0.35,0.297,True,10,11
XAG_USD,be+lock,0.75->-0.3,1.0->0.5,119,52.9,28.83,2.65,-5.29,0.221,0.213,0.228,True,8,11
XAG_USD,be+lock,0.75->-0.3,1.5->0.5,117,40.2,29.87,2.47,-6.04,0.233,0.346,0.143,True,10,11
XAG_USD,be+lock,0.75->-0.3,1.5->1.0,119,42.0,26.39,2.51,-6.29,0.204,0.283,0.141,True,9,11
XAG_USD,be+lock,0.75->-0.3,2.0->1.0,112,33.0,31.04,2.63,-7.07,0.252,0.336,0.184,True,9,11
XAG_USD,be+lock,0.75->-0.3,2.0->1.5,111,36.0,49.6,3.93,-6.61,0.374,0.428,0.328,True,9,11
XAG_USD,be+lock,0.75->-0.3,2.5->1.5,108,28.7,35.31,2.92,-6.22,0.292,0.344,0.247,True,10,11
XAG_USD,be+lock,0.75->-0.3,2.5->2.0,108,28.7,36.02,2.99,-6.22,0.296,0.364,0.238,True,9,11
XAG_USD,be+lock,0.75->-0.2,1.0->0.5,119,51.3,29.1,2.68,-5.95,0.223,0.213,0.231,True,8,11
XAG_USD,be+lock,0.75->-0.2,1.5->0.5,117,39.3,33.04,2.73,-6.6,0.254,0.356,0.172,True,9,11
XAG_USD,be+lock,0.75->-0.2,1.5->1.0,119,40.3,27.3,2.62,-5.67,0.21,0.283,0.152,True,9,11
XAG_USD,be+lock,0.75->-0.2,2.0->1.0,114,33.3,36.12,2.98,-6.79,0.281,0.341,0.232,True,9,11
XAG_USD,be+lock,0.75->-0.2,2.0->1.5,114,35.1,51.86,4.0,-6.33,0.377,0.431,0.332,True,11,11
XAG_USD,be+lock,0.75->-0.2,2.5->1.5,114,28.1,40.48,3.14,-5.66,0.31,0.353,0.275,True,10,11
XAG_USD,be+lock,0.75->-0.2,2.5->2.0,114,28.1,39.84,3.14,-5.66,0.305,0.373,0.251,True,9,11
XAG_USD,be+lock,0.75->-0.1,1.0->0.5,119,49.6,29.88,2.76,-5.85,0.228,0.206,0.246,True,9,11
XAG_USD,be+lock,0.75->-0.1,1.5->0.5,117,38.5,36.55,3.0,-6.42,0.276,0.381,0.192,True,9,11
XAG_USD,be+lock,0.75->-0.1,1.5->1.0,119,39.5,30.15,2.89,-5.48,0.229,0.308,0.165,True,9,11
XAG_USD,be+lock,0.75->-0.1,2.0->1.0,115,31.3,38.2,3.14,-6.51,0.291,0.343,0.249,True,9,11
XAG_USD,be+lock,0.75->-0.1,2.0->1.5,115,33.0,52.66,4.1,-6.05,0.378,0.421,0.342,True,10,11
XAG_USD,be+lock,0.75->-0.1,2.5->1.5,115,27.0,44.35,3.41,-5.25,0.331,0.348,0.316,True,10,11
XAG_USD,be+lock,0.75->-0.1,2.5->2.0,115,27.0,42.99,3.38,-4.8,0.322,0.358,0.292,True,9,11
XAG_USD,be+lock,0.75->0.0,1.0->0.5,119,48.7,33.18,3.05,-5.76,0.249,0.224,0.269,True,10,11
XAG_USD,be+lock,0.75->0.0,1.5->0.5,117,36.8,41.14,3.36,-6.23,0.304,0.396,0.231,True,11,11
XAG_USD,be+lock,0.75->0.0,1.5->1.0,119,37.8,33.33,3.21,-5.29,0.249,0.313,0.197,True,9,11
XAG_USD,be+lock,0.75->0.0,2.0->1.0,115,29.6,42.57,3.5,-6.23,0.318,0.358,0.286,True,9,11
XAG_USD,be+lock,0.75->0.0,2.0->1.5,115,31.3,54.39,4.26,-5.77,0.388,0.427,0.355,True,11,11
XAG_USD,be+lock,0.75->0.0,2.5->1.5,115,25.2,46.72,3.61,-4.37,0.344,0.358,0.333,True,10,11
XAG_USD,be+lock,0.75->0.0,2.5->2.0,115,25.2,43.91,3.52,-4.37,0.327,0.358,0.302,True,9,11
XAG_USD,be+lock,1.0->-0.3,1.5->0.5,112,43.8,35.12,2.69,-6.04,0.281,0.48,0.12,True,9,11
XAG_USD,be+lock,1.0->-0.3,1.5->1.0,114,46.5,29.98,2.66,-6.77,0.239,0.356,0.141,True,9,11
XAG_USD,be+lock,1.0->-0.3,2.0->1.0,104,36.5,37.05,2.97,-7.79,0.316,0.455,0.191,True,9,11
XAG_USD,be+lock,1.0->-0.3,2.0->1.5,103,39.8,54.92,4.19,-7.79,0.438,0.526,0.355,True,9,11
XAG_USD,be+lock,1.0->-0.3,2.5->1.5,100,34.0,45.22,3.5,-7.79,0.387,0.48,0.299,True,9,11
XAG_USD,be+lock,1.0->-0.3,2.5->2.0,102,33.3,42.69,3.33,-7.79,0.362,0.49,0.244,True,8,11
XAG_USD,be+lock,1.0->-0.2,1.5->0.5,112,43.8,37.16,2.83,-5.95,0.294,0.494,0.133,True,9,11
XAG_USD,be+lock,1.0->-0.2,1.5->1.0,114,46.5,31.82,2.81,-6.49,0.251,0.369,0.152,True,9,11
XAG_USD,be+lock,1.0->-0.2,2.0->1.0,105,37.1,41.5,3.26,-6.79,0.343,0.478,0.226,True,9,11
XAG_USD,be+lock,1.0->-0.2,2.0->1.5,104,40.4,60.58,4.52,-6.33,0.469,0.548,0.395,True,9,11
XAG_USD,be+lock,1.0->-0.2,2.5->1.5,101,33.7,48.46,3.71,-7.69,0.405,0.504,0.312,True,9,11
XAG_USD,be+lock,1.0->-0.2,2.5->2.0,103,33.0,46.02,3.55,-7.69,0.381,0.515,0.26,True,8,11
XAG_USD,be+lock,1.0->-0.1,1.5->0.5,112,43.8,39.24,2.97,-5.85,0.308,0.508,0.146,True,9,11
XAG_USD,be+lock,1.0->-0.1,1.5->1.0,114,46.5,33.68,2.96,-6.21,0.264,0.383,0.163,True,9,11
XAG_USD,be+lock,1.0->-0.1,2.0->1.0,106,35.8,41.65,3.27,-6.51,0.341,0.448,0.245,True,9,11
XAG_USD,be+lock,1.0->-0.1,2.0->1.5,105,39.0,59.8,4.47,-6.05,0.459,0.508,0.414,True,9,11
XAG_USD,be+lock,1.0->-0.1,2.5->1.5,102,32.4,48.33,3.7,-7.32,0.4,0.466,0.337,True,9,11
XAG_USD,be+lock,1.0->-0.1,2.5->2.0,104,31.7,45.32,3.52,-7.32,0.373,0.466,0.286,True,8,11
XAG_USD,be+lock,1.0->0.0,1.5->0.5,112,42.0,39.94,3.03,-5.76,0.312,0.512,0.151,True,9,11
XAG_USD,be+lock,1.0->0.0,1.5->1.0,114,44.7,32.89,2.92,-5.93,0.258,0.377,0.159,True,9,11
XAG_USD,be+lock,1.0->0.0,2.0->1.0,110,33.6,42.08,3.25,-6.23,0.331,0.452,0.231,True,9,11
XAG_USD,be+lock,1.0->0.0,2.0->1.5,109,36.7,59.33,4.38,-5.77,0.44,0.502,0.385,True,9,11
XAG_USD,be+lock,1.0->0.0,2.5->1.5,106,30.2,48.49,3.66,-6.95,0.386,0.462,0.318,True,9,11
XAG_USD,be+lock,1.0->0.0,2.5->2.0,106,30.2,47.8,3.67,-6.95,0.382,0.452,0.318,True,8,11
XAG_USD,be+lock,1.5->-0.3,2.0->1.0,96,41.7,40.06,3.25,-7.73,0.365,0.456,0.278,True,9,11
XAG_USD,be+lock,1.5->-0.3,2.0->1.5,96,45.8,63.44,4.79,-7.27,0.526,0.54,0.513,True,10,11
XAG_USD,be+lock,1.5->-0.3,2.5->1.5,89,39.3,53.16,4.19,-5.9,0.496,0.453,0.543,True,10,11
XAG_USD,be+lock,1.5->-0.3,2.5->2.0,91,38.5,47.98,3.87,-6.21,0.446,0.443,0.45,True,8,11
XAG_USD,be+lock,1.5->-0.2,2.0->1.0,96,41.7,41.19,3.33,-7.54,0.373,0.464,0.286,True,9,11
XAG_USD,be+lock,1.5->-0.2,2.0->1.5,96,45.8,64.76,4.88,-7.08,0.535,0.548,0.521,True,10,11
XAG_USD,be+lock,1.5->-0.2,2.5->1.5,89,39.3,54.71,4.3,-5.85,0.507,0.466,0.552,True,10,11
XAG_USD,be+lock,1.5->-0.2,2.5->2.0,91,38.5,49.47,3.97,-5.93,0.457,0.456,0.459,True,8,11
XAG_USD,be+lock,1.5->-0.1,2.0->1.0,97,40.2,39.37,3.19,-7.35,0.356,0.419,0.295,True,9,11
XAG_USD,be+lock,1.5->-0.1,2.0->1.5,97,44.3,61.83,4.69,-6.9,0.511,0.492,0.53,True,10,11
XAG_USD,be+lock,1.5->-0.1,2.5->1.5,90,37.8,52.26,4.12,-5.85,0.483,0.415,0.562,True,10,11
XAG_USD,be+lock,1.5->-0.1,2.5->2.0,92,37.0,46.39,3.77,-5.85,0.429,0.394,0.468,True,8,11
XAG_USD,be+lock,1.5->0.0,2.0->1.0,97,40.2,40.63,3.28,-7.17,0.365,0.429,0.303,True,9,11
XAG_USD,be+lock,1.5->0.0,2.0->1.5,97,44.3,63.29,4.78,-6.71,0.52,0.502,0.538,True,10,11
XAG_USD,be+lock,1.5->0.0,2.5->1.5,90,37.8,53.95,4.24,-5.85,0.496,0.429,0.571,True,10,11
XAG_USD,be+lock,1.5->0.0,2.5->2.0,92,37.0,48.01,3.88,-5.85,0.441,0.409,0.477,True,8,11
XAU_USD,baseline,,,58,44.8,131.62,6.56,-7.28,1.01,1.157,0.862,True,7,7
XAU_USD,be,0.25->-0.3,,155,19.4,96.2,2.93,-13.6,0.309,0.331,0.288,True,9,11
XAU_USD,be,0.25->-0.2,,166,15.7,75.28,2.46,-12.69,0.241,0.259,0.225,True,9,11
XAU_USD,be,0.25->-0.1,,177,14.7,98.84,2.84,-9.89,0.273,0.364,0.197,True,8,11
XAU_USD,be,0.25->0.0,,195,12.3,112.34,3.11,-8.67,0.27,0.346,0.205,True,8,11
XAU_USD,be,0.5->-0.3,,131,24.4,119.03,3.49,-10.56,0.423,0.663,0.255,True,8,10
XAU_USD,be,0.5->-0.2,,132,21.2,94.0,3.12,-9.48,0.356,0.51,0.25,True,7,11
XAU_USD,be,0.5->-0.1,,138,18.8,86.52,2.94,-8.52,0.32,0.461,0.215,True,8,11
XAU_USD,be,0.5->0.0,,142,18.3,105.31,3.35,-7.28,0.356,0.514,0.244,True,8,11
XAU_USD,be,0.75->-0.3,,127,25.2,109.27,3.35,-11.11,0.413,0.628,0.259,True,8,10
XAU_USD,be,0.75->-0.2,,128,22.7,92.75,3.05,-10.3,0.365,0.534,0.241,True,6,11
XAU_USD,be,0.75->-0.1,,131,19.8,78.5,2.78,-9.49,0.315,0.465,0.2,True,6,11
XAU_USD,be,0.75->0.0,,134,20.1,103.41,3.32,-8.67,0.374,0.514,0.27,True,6,11
XAU_USD,be,1.0->-0.3,,123,27.6,113.34,3.31,-12.97,0.439,0.72,0.233,True,9,10
XAU_USD,be,1.0->-0.2,,124,25.0,91.83,2.92,-12.45,0.376,0.592,0.215,True,8,11
XAU_USD,be,1.0->-0.1,,128,21.9,75.53,2.58,-11.92,0.316,0.508,0.162,True,8,11
XAU_USD,be,1.0->0.0,,130,22.3,95.87,3.02,-11.39,0.368,0.545,0.23,True,8,11
XAU_USD,be,1.5->-0.3,,113,31.0,137.3,3.95,-15.43,0.541,0.898,0.277,True,8,10
XAU_USD,be,1.5->-0.2,,115,27.8,106.71,3.37,-15.17,0.449,0.748,0.228,True,8,11
XAU_USD,be,1.5->-0.1,,118,26.3,101.47,3.18,-14.92,0.423,0.757,0.16,True,8,11
XAU_USD,be,1.5->0.0,,119,26.9,119.47,3.51,-12.56,0.468,0.78,0.226,True,9,11
XAU_USD,lock,,1.0->0.5,146,58.2,102.54,3.27,-10.75,0.34,0.471,0.23,True,8,11
XAU_USD,lock,,1.5->0.5,130,54.6,123.93,3.81,-8.17,0.436,0.518,0.366,True,8,11
XAU_USD,lock,,1.5->1.0,150,52.0,119.52,3.65,-8.77,0.368,0.372,0.364,True,8,11
XAU_USD,lock,,2.0->1.0,132,46.2,92.88,3.06,-10.08,0.353,0.493,0.238,True,8,11
XAU_USD,lock,,2.0->1.5,143,44.8,98.56,3.15,-11.46,0.34,0.426,0.263,True,9,11
XAU_USD,lock,,2.5->1.5,99,40.4,66.86,3.2,-9.59,0.369,0.404,0.349,True,7,10
XAU_USD,lock,,2.5->2.0,100,37.0,48.29,2.51,-13.14,0.286,0.404,0.219,True,6,10
XAU_USD,be+lock,0.25->-0.3,1.0->0.5,179,43.0,109.5,3.23,-6.58,0.289,0.404,0.191,True,8,11
XAU_USD,be+lock,0.25->-0.3,1.5->0.5,163,36.2,115.88,3.51,-7.83,0.33,0.34,0.322,True,8,11
XAU_USD,be+lock,0.25->-0.3,1.5->1.0,184,35.3,99.28,3.27,-8.42,0.262,0.237,0.285,True,8,11
XAU_USD,be+lock,0.25->-0.3,2.0->1.0,170,30.0,96.03,3.06,-8.23,0.279,0.281,0.276,True,9,11
XAU_USD,be+lock,0.25->-0.3,2.0->1.5,179,28.5,92.69,3.05,-8.82,0.257,0.264,0.251,True,7,11
XAU_USD,be+lock,0.25->-0.3,2.5->1.5,166,23.5,72.79,2.64,-9.26,0.234,0.223,0.244,True,7,11
XAU_USD,be+lock,0.25->-0.3,2.5->2.0,170,22.9,64.09,2.46,-10.02,0.207,0.183,0.229,True,8,11
XAU_USD,be+lock,0.25->-0.2,1.0->0.5,191,37.7,101.82,3.06,-8.95,0.257,0.318,0.204,True,9,11
XAU_USD,be+lock,0.25->-0.2,1.5->0.5,173,30.6,93.77,3.12,-11.77,0.268,0.265,0.27,True,9,11
XAU_USD,be+lock,0.25->-0.2,1.5->1.0,198,30.3,76.22,2.84,-11.13,0.2,0.134,0.263,True,8,11
XAU_USD,be+lock,0.25->-0.2,2.0->1.0,181,24.3,64.98,2.41,-12.98,0.196,0.142,0.247,True,9,11
XAU_USD,be+lock,0.25->-0.2,2.0->1.5,189,23.3,65.51,2.46,-12.69,0.188,0.15,0.224,True,8,11
XAU_USD,be+lock,0.25->-0.2,2.5->1.5,176,19.3,56.81,2.23,-13.89,0.182,0.142,0.218,True,8,11
XAU_USD,be+lock,0.25->-0.2,2.5->2.0,179,19.0,52.7,2.16,-13.26,0.168,0.124,0.207,True,8,11
XAU_USD,be+lock,0.25->-0.1,1.0->0.5,200,34.5,124.58,3.31,-7.16,0.281,0.388,0.194,True,9,11
XAU_USD,be+lock,0.25->-0.1,1.5->0.5,184,28.3,127.59,3.57,-9.07,0.311,0.35,0.278,True,9,11
XAU_USD,be+lock,0.25->-0.1,1.5->1.0,206,28.2,103.37,3.29,-8.42,0.24,0.22,0.256,True,8,11
XAU_USD,be+lock,0.25->-0.1,2.0->1.0,192,22.4,86.09,2.8,-9.91,0.227,0.225,0.229,True,9,11
XAU_USD,be+lock,0.25->-0.1,2.0->1.5,200,21.5,80.33,2.79,-9.89,0.206,0.185,0.225,True,8,11
XAU_USD,be+lock,0.25->-0.1,2.5->1.5,189,18.0,79.82,2.71,-10.19,0.218,0.217,0.22,True,8,11
XAU_USD,be+lock,0.25->-0.1,2.5->2.0,192,17.7,78.17,2.7,-9.89,0.211,0.205,0.216,True,9,11
XAU_USD,be+lock,0.25->0.0,1.0->0.5,220,30.9,122.78,3.35,-6.61,0.252,0.36,0.165,True,9,11
XAU_USD,be+lock,0.25->0.0,1.5->0.5,201,23.9,122.42,3.51,-7.98,0.276,0.333,0.228,True,9,11
XAU_USD,be+lock,0.25->0.0,1.5->1.0,223,23.8,108.65,3.38,-7.32,0.228,0.198,0.255,True,8,11
XAU_USD,be+lock,0.25->0.0,2.0->1.0,209,20.1,99.3,3.16,-8.69,0.229,0.22,0.238,True,9,11
XAU_USD,be+lock,0.25->0.0,2.0->1.5,220,19.1,96.06,3.13,-8.67,0.213,0.191,0.231,True,9,11
XAU_USD,be+lock,0.25->0.0,2.5->1.5,207,15.9,102.11,3.22,-8.67,0.236,0.235,0.238,True,9,11
XAU_USD,be+lock,0.25->0.0,2.5->2.0,209,15.8,105.25,3.3,-8.67,0.239,0.219,0.255,True,9,11
XAU_USD,be+lock,0.5->-0.3,1.0->0.5,163,49.1,103.37,3.33,-9.38,0.305,0.423,0.212,True,8,11
XAU_USD,be+lock,0.5->-0.3,1.5->0.5,149,39.6,93.82,3.2,-10.86,0.313,0.34,0.289,True,7,11
XAU_USD,be+lock,0.5->-0.3,1.5->1.0,169,39.1,80.74,2.92,-10.62,0.246,0.243,0.249,True,7,11
XAU_USD,be+lock,0.5->-0.3,2.0->1.0,156,33.3,78.88,2.74,-10.6,0.264,0.295,0.238,True,7,11
XAU_USD,be+lock,0.5->-0.3,2.0->1.5,166,31.9,68.58,2.54,-11.98,0.223,0.275,0.176,True,7,11
XAU_USD,be+lock,0.5->-0.3,2.5->1.5,141,27.7,70.2,2.76,-11.98,0.268,0.372,0.196,True,7,10
XAU_USD,be+lock,0.5->-0.3,2.5->2.0,143,27.3,71.48,2.85,-10.68,0.267,0.329,0.225,True,7,10
XAU_USD,be+lock,0.5->-0.2,1.0->0.5,165,47.3,100.95,3.32,-8.69,0.296,0.396,0.219,True,9,11
XAU_USD,be+lock,0.5->-0.2,1.5->0.5,147,38.1,86.96,3.19,-9.91,0.3,0.318,0.284,True,7,11
XAU_USD,be+lock,0.5->-0.2,1.5->1.0,171,36.8,72.28,2.83,-9.54,0.224,0.185,0.257,True,7,11
XAU_USD,be+lock,0.5->-0.2,2.0->1.0,156,30.8,71.31,2.71,-9.52,0.245,0.196,0.287,True,7,11
XAU_USD,be+lock,0.5->-0.2,2.0->1.5,166,29.5,69.84,2.66,-10.91,0.226,0.223,0.228,True,7,11
XAU_USD,be+lock,0.5->-0.2,2.5->1.5,142,25.4,63.81,2.67,-10.91,0.247,0.292,0.216,True,7,11
XAU_USD,be+lock,0.5->-0.2,2.5->2.0,144,25.0,64.33,2.74,-9.6,0.244,0.275,0.224,True,8,11
XAU_USD,be+lock,0.5->-0.1,1.0->0.5,167,45.5,116.34,3.57,-8.14,0.322,0.437,0.232,True,9,11
XAU_USD,be+lock,0.5->-0.1,1.5->0.5,151,36.4,102.47,3.47,-9.1,0.328,0.354,0.304,True,7,11
XAU_USD,be+lock,0.5->-0.1,1.5->1.0,173,35.3,86.36,3.13,-8.58,0.252,0.24,0.262,True,7,11
XAU_USD,be+lock,0.5->-0.1,2.0->1.0,160,28.7,76.57,2.8,-8.56,0.251,0.233,0.267,True,8,11
XAU_USD,be+lock,0.5->-0.1,2.0->1.5,170,27.6,71.16,2.73,-9.97,0.223,0.218,0.227,True,8,11
XAU_USD,be+lock,0.5->-0.1,2.5->1.5,150,24.0,74.2,2.87,-9.97,0.261,0.319,0.218,True,8,11
XAU_USD,be+lock,0.5->-0.1,2.5->2.0,152,23.7,75.28,2.96,-8.64,0.26,0.319,0.216,True,8,11
XAU_USD,be+lock,0.5->0.0,1.0->0.5,169,44.4,130.08,3.84,-7.31,0.343,0.457,0.254,True,9,11
XAU_USD,be+lock,0.5->0.0,1.5->0.5,154,35.1,114.98,3.71,-8.0,0.347,0.392,0.309,True,6,11
XAU_USD,be+lock,0.5->0.0,1.5->1.0,175,34.3,102.12,3.55,-7.34,0.28,0.279,0.28,True,8,11
XAU_USD,be+lock,0.5->0.0,2.0->1.0,163,28.8,95.5,3.29,-7.32,0.288,0.274,0.3,True,9,11
XAU_USD,be+lock,0.5->0.0,2.0->1.5,174,27.6,89.75,3.18,-8.75,0.257,0.257,0.257,True,8,11
XAU_USD,be+lock,0.5->0.0,2.5->1.5,155,23.9,92.83,3.32,-8.75,0.296,0.364,0.249,True,8,11
XAU_USD,be+lock,0.5->0.0,2.5->2.0,157,23.6,96.04,3.47,-7.4,0.299,0.364,0.254,True,8,11
XAU_USD,be+lock,0.75->-0.3,1.0->0.5,154,54.5,115.51,3.57,-8.84,0.349,0.457,0.266,True,8,11
XAU_USD,be+lock,0.75->-0.3,1.5->0.5,141,44.7,106.65,3.48,-10.33,0.362,0.382,0.345,True,7,11
XAU_USD,be+lock,0.75->-0.3,1.5->1.0,161,42.9,89.19,3.09,-9.43,0.279,0.26,0.295,True,7,11
XAU_USD,be+lock,0.75->-0.3,2.0->1.0,148,37.2,80.57,2.8,-9.41,0.283,0.317,0.255,True,7,11
XAU_USD,be+lock,0.75->-0.3,2.0->1.5,160,35.0,68.8,2.53,-11.49,0.233,0.283,0.189,True,8,11
XAU_USD,be+lock,0.75->-0.3,2.5->1.5,137,28.5,59.2,2.44,-12.51,0.244,0.335,0.179,True,7,10
XAU_USD,be+lock,0.75->-0.3,2.5->2.0,139,28.8,69.58,2.78,-11.23,0.271,0.291,0.256,True,8,10
XAU_USD,be+lock,0.75->-0.2,1.0->0.5,155,52.9,116.51,3.56,-8.57,0.349,0.47,0.256,True,8,11
XAU_USD,be+lock,0.75->-0.2,1.5->0.5,140,44.3,106.34,3.55,-9.79,0.363,0.405,0.327,True,6,11
XAU_USD,be+lock,0.75->-0.2,1.5->1.0,163,41.1,78.42,2.93,-8.74,0.25,0.244,0.255,True,7,11
XAU_USD,be+lock,0.75->-0.2,2.0->1.0,148,35.1,77.42,2.81,-8.72,0.275,0.261,0.286,True,7,11
XAU_USD,be+lock,0.75->-0.2,2.0->1.5,160,33.1,76.6,2.75,-10.82,0.252,0.291,0.216,True,7,11
XAU_USD,be+lock,0.75->-0.2,2.5->1.5,138,26.8,58.86,2.44,-11.72,0.24,0.314,0.187,True,6,11
XAU_USD,be+lock,0.75->-0.2,2.5->2.0,140,26.4,59.37,2.5,-10.42,0.238,0.297,0.196,True,6,11
XAU_USD,be+lock,0.75->-0.1,1.0->0.5,155,52.9,123.79,3.72,-8.29,0.363,0.484,0.271,True,8,11
XAU_USD,be+lock,0.75->-0.1,1.5->0.5,140,44.3,116.84,3.8,-9.25,0.387,0.428,0.351,True,6,11
XAU_USD,be+lock,0.75->-0.1,1.5->1.0,163,40.5,86.67,3.15,-8.05,0.268,0.271,0.266,True,7,11
XAU_USD,be+lock,0.75->-0.1,2.0->1.0,149,34.2,79.56,2.91,-8.03,0.278,0.283,0.273,True,8,11
XAU_USD,be+lock,0.75->-0.1,2.0->1.5,161,32.3,85.63,2.99,-10.15,0.271,0.313,0.231,True,7,11
XAU_USD,be+lock,0.75->-0.1,2.5->1.5,142,26.1,68.95,2.71,-10.92,0.262,0.336,0.205,True,7,11
XAU_USD,be+lock,0.75->-0.1,2.5->2.0,144,25.7,70.0,2.8,-9.61,0.261,0.328,0.21,True,7,11
XAU_USD,be+lock,0.75->0.0,1.0->0.5,156,51.9,129.58,3.83,-8.02,0.372,0.49,0.282,True,8,11
XAU_USD,be+lock,0.75->0.0,1.5->0.5,142,43.0,122.76,3.9,-8.7,0.394,0.451,0.346,True,6,11
XAU_USD,be+lock,0.75->0.0,1.5->1.0,164,39.6,95.88,3.41,-7.36,0.286,0.298,0.277,True,7,11
XAU_USD,be+lock,0.75->0.0,2.0->1.0,151,34.4,92.35,3.25,-7.34,0.304,0.312,0.298,True,8,11
XAU_USD,be+lock,0.75->0.0,2.0->1.5,164,32.3,99.11,3.28,-9.47,0.294,0.342,0.252,True,7,11
XAU_USD,be+lock,0.75->0.0,2.5->1.5,146,26.7,92.16,3.25,-10.11,0.315,0.376,0.269,True,6,11
XAU_USD,be+lock,0.75->0.0,2.5->2.0,148,26.4,91.19,3.32,-8.79,0.307,0.368,0.263,True,7,11
XAU_USD,be+lock,1.0->-0.3,1.5->0.5,139,47.5,100.12,3.2,-12.21,0.353,0.406,0.308,True,8,11
XAU_USD,be+lock,1.0->-0.3,1.5->1.0,159,45.3,84.0,2.84,-11.33,0.272,0.276,0.268,True,8,11
XAU_USD,be+lock,1.0->-0.3,2.0->1.0,146,40.4,89.65,2.86,-11.31,0.312,0.383,0.251,True,8,11
XAU_USD,be+lock,1.0->-0.3,2.0->1.5,159,38.4,82.03,2.66,-13.35,0.268,0.358,0.187,True,9,11
XAU_USD,be+lock,1.0->-0.3,2.5->1.5,132,31.1,67.82,2.55,-14.35,0.282,0.415,0.185,True,7,10
XAU_USD,be+lock,1.0->-0.3,2.5->2.0,126,31.0,62.49,2.62,-13.09,0.277,0.302,0.256,True,8,10
XAU_USD,be+lock,1.0->-0.2,1.5->0.5,138,46.4,95.39,3.16,-11.95,0.343,0.416,0.28,True,7,11
XAU_USD,be+lock,1.0->-0.2,1.5->1.0,160,43.8,75.91,2.69,-10.93,0.251,0.271,0.234,True,8,11
XAU_USD,be+lock,1.0->-0.2,2.0->1.0,146,37.7,80.85,2.74,-10.91,0.289,0.314,0.267,True,8,11
XAU_USD,be+lock,1.0->-0.2,2.0->1.5,159,35.8,80.99,2.64,-12.95,0.265,0.344,0.193,True,7,11
XAU_USD,be+lock,1.0->-0.2,2.5->1.5,133,29.3,63.22,2.43,-13.83,0.265,0.364,0.191,True,7,11
XAU_USD,be+lock,1.0->-0.2,2.5->2.0,127,29.1,56.42,2.42,-12.56,0.253,0.282,0.23,True,7,11
XAU_USD,be+lock,1.0->-0.1,1.5->0.5,139,46.0,100.75,3.29,-11.68,0.354,0.419,0.296,True,7,11
XAU_USD,be+lock,1.0->-0.1,1.5->1.0,161,43.5,81.82,2.84,-10.52,0.263,0.278,0.25,True,8,11
XAU_USD,be+lock,1.0->-0.1,2.0->1.0,148,36.5,78.95,2.71,-10.5,0.28,0.318,0.245,True,8,11
XAU_USD,be+lock,1.0->-0.1,2.0->1.5,160,34.4,81.37,2.69,-12.56,0.264,0.333,0.2,True,8,11
XAU_USD,be+lock,1.0->-0.1,2.5->1.5,138,28.3,68.95,2.55,-13.31,0.272,0.361,0.2,True,8,11
XAU_USD,be+lock,1.0->-0.1,2.5->2.0,132,28.0,61.42,2.53,-12.04,0.26,0.294,0.229,True,9,11
XAU_USD,be+lock,1.0->0.0,1.5->0.5,140,45.0,102.25,3.31,-11.42,0.355,0.432,0.288,True,7,11
XAU_USD,be+lock,1.0->0.0,1.5->1.0,162,42.6,82.92,2.86,-10.12,0.263,0.291,0.24,True,8,11
XAU_USD,be+lock,1.0->0.0,2.0->1.0,149,36.2,85.22,2.87,-10.1,0.293,0.336,0.255,True,8,11
XAU_USD,be+lock,1.0->0.0,2.0->1.5,161,34.2,88.85,2.87,-12.17,0.279,0.351,0.213,True,8,11
XAU_USD,be+lock,1.0->0.0,2.5->1.5,140,28.6,86.28,2.96,-12.79,0.316,0.388,0.258,True,8,11
XAU_USD,be+lock,1.0->0.0,2.5->2.0,134,28.4,73.64,2.88,-11.51,0.292,0.323,0.266,True,9,11
XAU_USD,be+lock,1.5->-0.3,2.0->1.0,136,46.3,118.89,3.57,-7.59,0.406,0.547,0.284,True,8,11
XAU_USD,be+lock,1.5->-0.3,2.0->1.5,148,44.6,124.44,3.6,-9.23,0.384,0.485,0.293,True,9,11
XAU_USD,be+lock,1.5->-0.3,2.5->1.5,121,36.4,95.68,3.4,-14.12,0.393,0.591,0.245,True,7,10
XAU_USD,be+lock,1.5->-0.3,2.5->2.0,116,35.3,77.19,3.21,-11.73,0.35,0.449,0.272,True,8,10
XAU_USD,be+lock,1.5->-0.2,2.0->1.0,137,44.5,115.71,3.52,-7.56,0.395,0.501,0.303,True,8,11
XAU_USD,be+lock,1.5->-0.2,2.0->1.5,149,43.0,124.67,3.58,-9.1,0.382,0.458,0.312,True,9,11
XAU_USD,be+lock,1.5->-0.2,2.5->1.5,123,33.3,78.71,2.94,-13.34,0.337,0.492,0.22,True,7,11
XAU_USD,be+lock,1.5->-0.2,2.5->2.0,118,33.1,68.36,2.86,-11.46,0.315,0.414,0.236,True,8,11
XAU_USD,be+lock,1.5->-0.1,2.0->1.0,138,43.5,105.24,3.32,-7.42,0.368,0.485,0.263,True,8,11
XAU_USD,be+lock,1.5->-0.1,2.0->1.5,150,42.7,125.67,3.59,-8.96,0.381,0.445,0.322,True,9,11
XAU_USD,be+lock,1.5->-0.1,2.5->1.5,126,33.3,88.91,3.12,-12.56,0.359,0.51,0.238,True,7,11
XAU_USD,be+lock,1.5->-0.1,2.5->2.0,122,33.6,83.03,3.16,-11.2,0.351,0.465,0.255,True,8,11
XAU_USD,be+lock,1.5->0.0,2.0->1.0,138,43.5,109.29,3.42,-7.32,0.377,0.493,0.274,True,8,11
XAU_USD,be+lock,1.5->0.0,2.0->1.5,150,42.7,130.12,3.69,-8.82,0.39,0.452,0.332,True,9,11
XAU_USD,be+lock,1.5->0.0,2.5->1.5,127,33.9,105.82,3.49,-10.04,0.402,0.528,0.303,True,8,11
XAU_USD,be+lock,1.5->0.0,2.5->2.0,123,34.1,94.85,3.47,-10.04,0.383,0.483,0.299,True,8,11
NAS100_USD,baseline,,,48,35.4,27.78,3.57,-10.47,0.536,0.432,0.625,True,7,11
NAS100_USD,be,0.25->-0.3,,71,19.7,25.89,3.24,-4.42,0.337,0.236,0.441,True,8,11
NAS100_USD,be,0.25->-0.2,,72,15.3,18.27,2.64,-4.13,0.243,0.1,0.386,True,8,11
NAS100_USD,be,0.25->-0.1,,77,11.7,15.26,2.39,-5.27,0.192,-0.032,0.435,False,5,11
NAS100_USD,be,0.25->0.0,,81,8.6,13.91,2.37,-3.94,0.167,0.048,0.295,True,4,11
NAS100_USD,be,0.5->-0.3,,65,23.1,23.48,2.84,-5.75,0.341,0.242,0.442,True,8,11
NAS100_USD,be,0.5->-0.2,,65,21.5,22.94,2.9,-5.47,0.333,0.191,0.479,True,7,11
NAS100_USD,be,0.5->-0.1,,67,19.4,25.06,3.23,-5.19,0.347,0.244,0.453,True,7,11
NAS100_USD,be,0.5->0.0,,72,15.3,19.93,2.71,-4.9,0.263,0.158,0.381,True,7,11
NAS100_USD,be,0.75->-0.3,,65,23.1,19.2,2.33,-6.42,0.287,0.179,0.398,True,8,11
NAS100_USD,be,0.75->-0.2,,65,21.5,18.09,2.3,-6.23,0.271,0.118,0.429,True,7,11
NAS100_USD,be,0.75->-0.1,,66,21.2,23.96,2.98,-6.04,0.34,0.173,0.508,True,7,11
NAS100_USD,be,0.75->0.0,,67,20.9,27.73,3.38,-5.85,0.38,0.227,0.528,True,7,11
NAS100_USD,be,1.0->-0.3,,61,26.2,24.36,2.88,-6.42,0.376,0.376,0.376,True,7,11
NAS100_USD,be,1.0->-0.2,,61,26.2,27.01,3.17,-6.23,0.41,0.417,0.404,True,8,11
NAS100_USD,be,1.0->-0.1,,61,26.2,29.71,3.46,-6.04,0.445,0.459,0.432,True,8,11
NAS100_USD,be,1.0->0.0,,61,26.2,32.46,3.75,-5.85,0.479,0.5,0.461,True,8,11
NAS100_USD,be,1.5->-0.3,,59,30.5,30.16,3.38,-7.63,0.468,0.348,0.57,True,7,11
NAS100_USD,be,1.5->-0.2,,59,30.5,31.74,3.54,-7.35,0.489,0.374,0.586,True,7,11
NAS100_USD,be,1.5->-0.1,,59,30.5,33.33,3.7,-7.07,0.509,0.4,0.601,True,7,11
NAS100_USD,be,1.5->0.0,,60,30.0,33.59,3.7,-6.79,0.504,0.375,0.617,True,7,11
NAS100_USD,lock,,1.0->0.5,68,61.8,25.43,3.4,-5.87,0.345,0.286,0.408,True,7,11
NAS100_USD,lock,,1.5->0.5,65,52.3,32.77,3.71,-5.44,0.453,0.406,0.499,True,9,11
NAS100_USD,lock,,1.5->1.0,68,50.0,25.28,3.2,-6.86,0.345,0.129,0.574,True,8,11
NAS100_USD,lock,,2.0->1.0,62,43.5,28.64,3.26,-5.85,0.425,0.418,0.431,True,9,11
NAS100_USD,lock,,2.0->1.5,64,42.2,24.19,2.91,-5.85,0.355,0.29,0.416,True,9,11
NAS100_USD,lock,,2.5->1.5,54,38.9,24.28,3.17,-10.47,0.423,0.245,0.577,True,8,11
NAS100_USD,lock,,2.5->2.0,55,40.0,26.68,3.52,-10.47,0.45,0.26,0.608,True,8,11
NAS100_USD,be+lock,0.25->-0.3,1.0->0.5,76,43.4,21.0,3.27,-3.95,0.258,0.102,0.432,True,7,11
NAS100_USD,be+lock,0.25->-0.3,1.5->0.5,74,31.1,29.27,3.65,-3.64,0.359,0.274,0.448,True,9,11
NAS100_USD,be+lock,0.25->-0.3,1.5->1.0,77,29.9,19.13,2.86,-4.89,0.236,0.045,0.442,True,7,11
NAS100_USD,be+lock,0.25->-0.3,2.0->1.0,72,27.8,32.38,4.04,-3.93,0.402,0.308,0.496,True,9,11
NAS100_USD,be+lock,0.25->-0.3,2.0->1.5,73,27.4,23.93,3.48,-3.93,0.303,0.157,0.454,True,8,11
NAS100_USD,be+lock,0.25->-0.3,2.5->1.5,72,22.2,22.69,3.07,-3.93,0.295,0.231,0.359,True,7,11
NAS100_USD,be+lock,0.25->-0.3,2.5->2.0,72,22.2,20.36,2.92,-4.72,0.267,0.217,0.318,True,7,11
NAS100_USD,be+lock,0.25->-0.2,1.0->0.5,77,37.7,18.05,3.01,-3.66,0.222,0.095,0.359,True,6,11
NAS100_USD,be+lock,0.25->-0.2,1.5->0.5,75,26.7,20.59,2.99,-2.97,0.259,0.137,0.384,True,8,11
NAS100_USD,be+lock,0.25->-0.2,1.5->1.0,78,25.6,14.23,2.44,-3.19,0.177,-0.018,0.382,False,7,11
NAS100_USD,be+lock,0.25->-0.2,2.0->1.0,73,23.3,23.74,3.43,-2.96,0.301,0.167,0.432,True,8,11
NAS100_USD,be+lock,0.25->-0.2,2.0->1.5,74,23.0,15.95,2.79,-2.96,0.207,0.076,0.338,True,7,11
NAS100_USD,be+lock,0.25->-0.2,2.5->1.5,73,17.8,12.92,2.17,-2.96,0.174,0.092,0.254,True,7,11
NAS100_USD,be+lock,0.25->-0.2,2.5->2.0,73,17.8,11.31,2.05,-3.57,0.153,0.078,0.227,True,6,11
NAS100_USD,be+lock,0.25->-0.1,1.0->0.5,81,29.6,14.98,2.66,-3.65,0.178,0.019,0.358,True,5,11
NAS100_USD,be+lock,0.25->-0.1,1.5->0.5,80,18.8,14.62,2.35,-4.23,0.178,-0.014,0.389,False,5,11
NAS100_USD,be+lock,0.25->-0.1,1.5->1.0,82,18.3,7.4,1.5,-4.55,0.091,-0.098,0.3,False,5,11
NAS100_USD,be+lock,0.25->-0.1,2.0->1.0,78,16.7,14.56,2.48,-5.27,0.181,-0.005,0.376,False,5,11
NAS100_USD,be+lock,0.25->-0.1,2.0->1.5,78,16.7,11.3,2.21,-5.27,0.142,-0.042,0.337,False,6,11
NAS100_USD,be+lock,0.25->-0.1,2.5->1.5,78,12.8,6.12,1.27,-5.48,0.081,-0.082,0.253,False,6,11
NAS100_USD,be+lock,0.25->-0.1,2.5->2.0,78,12.8,7.49,1.53,-5.27,0.097,-0.07,0.273,False,6,11
NAS100_USD,be+lock,0.25->0.0,1.0->0.5,84,22.6,14.03,2.64,-3.46,0.161,0.056,0.282,True,6,11
NAS100_USD,be+lock,0.25->0.0,1.5->0.5,83,14.5,12.27,2.19,-3.46,0.145,0.057,0.244,True,5,11
NAS100_USD,be+lock,0.25->0.0,1.5->1.0,85,14.1,7.48,1.64,-2.98,0.088,-0.022,0.212,False,4,11
NAS100_USD,be+lock,0.25->0.0,2.0->1.0,81,12.3,14.53,2.59,-2.98,0.173,0.071,0.282,True,4,11
NAS100_USD,be+lock,0.25->0.0,2.0->1.5,81,12.3,12.34,2.43,-2.97,0.148,0.036,0.269,True,5,11
NAS100_USD,be+lock,0.25->0.0,2.5->1.5,81,8.6,7.44,1.56,-3.94,0.093,0.0,0.192,False,4,11
NAS100_USD,be+lock,0.25->0.0,2.5->2.0,81,8.6,7.45,1.6,-3.94,0.093,0.012,0.179,True,4,11
NAS100_USD,be+lock,0.5->-0.3,1.0->0.5,70,52.9,22.2,3.19,-5.2,0.296,0.162,0.447,True,6,11
NAS100_USD,be+lock,0.5->-0.3,1.5->0.5,68,38.2,27.54,3.43,-4.1,0.371,0.306,0.441,True,9,11
NAS100_USD,be+lock,0.5->-0.3,1.5->1.0,70,37.1,20.91,2.94,-4.65,0.282,0.032,0.562,True,8,11
NAS100_USD,be+lock,0.5->-0.3,2.0->1.0,66,33.3,28.36,3.5,-4.32,0.393,0.361,0.425,True,9,11
NAS100_USD,be+lock,0.5->-0.3,2.0->1.5,67,32.8,22.88,3.1,-4.32,0.32,0.247,0.395,True,9,11
NAS100_USD,be+lock,0.5->-0.3,2.5->1.5,66,27.3,27.39,3.31,-4.32,0.382,0.236,0.528,True,9,11
NAS100_USD,be+lock,0.5->-0.3,2.5->2.0,66,27.3,20.77,2.81,-5.11,0.299,0.176,0.422,True,8,11
NAS100_USD,be+lock,0.5->-0.2,1.0->0.5,70,50.0,22.21,3.21,-5.11,0.296,0.151,0.459,True,6,11
NAS100_USD,be+lock,0.5->-0.2,1.5->0.5,68,36.8,25.98,3.4,-3.91,0.352,0.246,0.465,True,8,11
NAS100_USD,be+lock,0.5->-0.2,1.5->1.0,70,35.7,19.43,2.88,-3.91,0.264,-0.024,0.586,False,7,11
NAS100_USD,be+lock,0.5->-0.2,2.0->1.0,66,31.8,27.04,3.5,-3.91,0.376,0.3,0.453,True,8,11
NAS100_USD,be+lock,0.5->-0.2,2.0->1.5,67,31.3,21.61,3.08,-3.91,0.304,0.188,0.422,True,8,11
NAS100_USD,be+lock,0.5->-0.2,2.5->1.5,66,25.8,26.58,3.36,-3.91,0.372,0.182,0.562,True,8,11
NAS100_USD,be+lock,0.5->-0.2,2.5->2.0,66,25.8,20.01,2.84,-3.91,0.288,0.121,0.456,True,7,11
NAS100_USD,be+lock,0.5->-0.1,1.0->0.5,72,44.4,21.73,3.11,-5.01,0.283,0.161,0.419,True,6,11
NAS100_USD,be+lock,0.5->-0.1,1.5->0.5,70,31.4,26.62,3.43,-3.71,0.349,0.267,0.437,True,8,11
NAS100_USD,be+lock,0.5->-0.1,1.5->1.0,72,30.6,18.26,2.73,-4.17,0.242,-0.011,0.525,False,6,11
NAS100_USD,be+lock,0.5->-0.1,2.0->1.0,68,27.9,30.19,3.89,-3.71,0.401,0.309,0.493,True,8,11
NAS100_USD,be+lock,0.5->-0.1,2.0->1.5,69,27.5,23.41,3.38,-3.71,0.315,0.186,0.449,True,8,11
NAS100_USD,be+lock,0.5->-0.1,2.5->1.5,68,22.1,26.47,3.47,-3.71,0.358,0.185,0.531,True,8,11
NAS100_USD,be+lock,0.5->-0.1,2.5->2.0,68,22.1,19.32,2.91,-3.71,0.27,0.112,0.428,True,8,11
NAS100_USD,be+lock,0.5->0.0,1.0->0.5,75,38.7,18.92,2.79,-5.39,0.239,0.171,0.322,True,6,11
NAS100_USD,be+lock,0.5->0.0,1.5->0.5,74,25.7,19.99,2.76,-3.95,0.256,0.175,0.352,True,8,11
NAS100_USD,be+lock,0.5->0.0,1.5->1.0,75,25.3,15.43,2.38,-3.52,0.199,0.012,0.425,True,6,11
NAS100_USD,be+lock,0.5->0.0,2.0->1.0,72,22.2,23.01,3.17,-3.52,0.298,0.211,0.396,True,8,11
NAS100_USD,be+lock,0.5->0.0,2.0->1.5,72,22.2,19.5,2.94,-3.52,0.256,0.184,0.337,True,7,11
NAS100_USD,be+lock,0.5->0.0,2.5->1.5,72,15.3,15.34,2.27,-4.9,0.208,0.105,0.322,True,7,11
NAS100_USD,be+lock,0.5->0.0,2.5->2.0,72,15.3,8.28,1.47,-4.93,0.117,0.039,0.205,True,7,11
NAS100_USD,be+lock,0.75->-0.3,1.0->0.5,70,52.9,17.14,2.46,-5.97,0.236,0.086,0.405,True,6,11
NAS100_USD,be+lock,0.75->-0.3,1.5->0.5,68,36.8,21.29,2.67,-5.37,0.298,0.203,0.399,True,9,11
NAS100_USD,be+lock,0.75->-0.3,1.5->1.0,70,35.7,14.42,2.05,-8.5,0.204,-0.078,0.52,False,7,11
NAS100_USD,be+lock,0.75->-0.3,2.0->1.0,66,31.8,22.32,2.78,-4.99,0.32,0.258,0.383,True,9,11
NAS100_USD,be+lock,0.75->-0.3,2.0->1.5,67,31.3,16.52,2.27,-4.99,0.241,0.132,0.353,True,9,11
NAS100_USD,be+lock,0.75->-0.3,2.5->1.5,66,25.8,20.79,2.56,-7.27,0.302,0.118,0.486,True,8,11
NAS100_USD,be+lock,0.75->-0.3,2.5->2.0,66,25.8,13.96,1.94,-7.58,0.211,0.042,0.38,True,7,11
NAS100_USD,be+lock,0.75->-0.2,1.0->0.5,70,51.4,17.26,2.48,-5.87,0.238,0.084,0.411,True,6,11
NAS100_USD,be+lock,0.75->-0.2,1.5->0.5,68,35.3,19.2,2.53,-4.9,0.271,0.134,0.417,True,8,11
NAS100_USD,be+lock,0.75->-0.2,1.5->1.0,70,34.3,12.45,1.88,-7.94,0.178,-0.143,0.538,False,6,11
NAS100_USD,be+lock,0.75->-0.2,2.0->1.0,66,30.3,20.58,2.69,-4.68,0.298,0.191,0.404,True,8,11
NAS100_USD,be+lock,0.75->-0.2,2.0->1.5,67,29.9,14.86,2.16,-4.68,0.218,0.068,0.374,True,8,11
NAS100_USD,be+lock,0.75->-0.2,2.5->1.5,66,24.2,19.55,2.52,-6.33,0.285,0.058,0.513,True,7,11
NAS100_USD,be+lock,0.75->-0.2,2.5->2.0,66,24.2,12.79,1.87,-6.08,0.195,-0.018,0.407,False,6,11
NAS100_USD,be+lock,0.75->-0.1,1.0->0.5,71,50.7,18.21,2.59,-5.87,0.246,0.103,0.402,True,6,11
NAS100_USD,be+lock,0.75->-0.1,1.5->0.5,69,33.3,20.77,2.7,-4.58,0.286,0.174,0.402,True,8,11
NAS100_USD,be+lock,0.75->-0.1,1.5->1.0,71,32.4,13.36,2.0,-7.39,0.187,-0.105,0.505,False,6,11
NAS100_USD,be+lock,0.75->-0.1,2.0->1.0,67,29.9,25.93,3.34,-4.58,0.358,0.239,0.472,True,8,11
NAS100_USD,be+lock,0.75->-0.1,2.0->1.5,68,29.4,19.96,2.86,-4.58,0.279,0.115,0.443,True,8,11
NAS100_USD,be+lock,0.75->-0.1,2.5->1.5,67,23.9,25.36,3.21,-5.39,0.352,0.112,0.584,True,7,11
NAS100_USD,be+lock,0.75->-0.1,2.5->2.0,67,23.9,18.27,2.63,-4.93,0.262,0.036,0.481,True,7,11
NAS100_USD,be+lock,0.75->0.0,1.0->0.5,71,49.3,18.8,2.66,-6.33,0.253,0.122,0.396,True,6,11
NAS100_USD,be+lock,0.75->0.0,1.5->0.5,69,31.9,22.84,2.94,-4.91,0.311,0.214,0.41,True,8,11
NAS100_USD,be+lock,0.75->0.0,1.5->1.0,71,31.0,14.74,2.19,-6.83,0.204,-0.068,0.499,False,6,11
NAS100_USD,be+lock,0.75->0.0,2.0->1.0,67,28.4,27.84,3.56,-4.49,0.38,0.288,0.469,True,8,11
NAS100_USD,be+lock,0.75->0.0,2.0->1.5,68,27.9,21.18,3.02,-4.49,0.293,0.162,0.425,True,7,11
NAS100_USD,be+lock,0.75->0.0,2.5->1.5,67,20.9,22.84,2.98,-5.85,0.32,0.167,0.469,True,6,11
NAS100_USD,be+lock,0.75->0.0,2.5->2.0,67,20.9,15.32,2.31,-5.88,0.223,0.091,0.352,True,6,11
NAS100_USD,be+lock,1.0->-0.3,1.5->0.5,66,43.9,28.84,3.4,-4.77,0.399,0.421,0.377,True,9,11
NAS100_USD,be+lock,1.0->-0.3,1.5->1.0,69,42.0,22.12,2.88,-7.95,0.302,0.122,0.499,True,7,11
NAS100_USD,be+lock,1.0->-0.3,2.0->1.0,64,37.5,28.78,3.39,-4.77,0.412,0.465,0.362,True,9,11
NAS100_USD,be+lock,1.0->-0.3,2.0->1.5,66,36.4,23.11,2.92,-4.77,0.329,0.327,0.331,True,9,11
NAS100_USD,be+lock,1.0->-0.3,2.5->1.5,62,29.0,22.52,2.82,-8.18,0.345,0.208,0.465,True,7,11
NAS100_USD,be+lock,1.0->-0.3,2.5->2.0,62,29.0,18.89,2.53,-6.46,0.294,0.221,0.359,True,7,11
NAS100_USD,be+lock,1.0->-0.2,1.5->0.5,66,43.9,30.4,3.58,-4.68,0.417,0.442,0.393,True,9,11
NAS100_USD,be+lock,1.0->-0.2,1.5->1.0,69,42.0,23.6,3.06,-7.58,0.32,0.142,0.514,True,7,11
NAS100_USD,be+lock,1.0->-0.2,2.0->1.0,63,36.5,27.33,3.39,-4.68,0.399,0.421,0.38,True,8,11
NAS100_USD,be+lock,1.0->-0.2,2.0->1.5,65,35.4,21.73,2.9,-4.68,0.316,0.281,0.35,True,8,11
NAS100_USD,be+lock,1.0->-0.2,2.5->1.5,62,29.0,25.0,3.11,-7.07,0.377,0.249,0.489,True,7,11
NAS100_USD,be+lock,1.0->-0.2,2.5->2.0,62,29.0,21.3,2.84,-5.33,0.326,0.262,0.383,True,7,11
NAS100_USD,be+lock,1.0->-0.1,1.5->0.5,66,43.9,31.97,3.75,-4.58,0.436,0.464,0.408,True,9,11
NAS100_USD,be+lock,1.0->-0.1,1.5->1.0,69,42.0,25.1,3.24,-7.21,0.337,0.161,0.529,True,7,11
NAS100_USD,be+lock,1.0->-0.1,2.0->1.0,63,36.5,29.39,3.62,-4.58,0.425,0.454,0.398,True,8,11
NAS100_USD,be+lock,1.0->-0.1,2.0->1.5,65,35.4,23.69,3.15,-4.58,0.341,0.313,0.368,True,9,11
NAS100_USD,be+lock,1.0->-0.1,2.5->1.5,62,29.0,27.53,3.4,-5.94,0.409,0.29,0.513,True,7,11
NAS100_USD,be+lock,1.0->-0.1,2.5->2.0,62,29.0,23.75,3.14,-4.61,0.359,0.303,0.407,True,7,11
NAS100_USD,be+lock,1.0->0.0,1.5->0.5,66,43.9,33.57,3.92,-4.49,0.454,0.485,0.423,True,9,11
NAS100_USD,be+lock,1.0->0.0,1.5->1.0,69,42.0,26.61,3.42,-6.84,0.354,0.181,0.544,True,7,11
NAS100_USD,be+lock,1.0->0.0,2.0->1.0,63,36.5,31.48,3.86,-4.49,0.45,0.487,0.416,True,8,11
NAS100_USD,be+lock,1.0->0.0,2.0->1.5,65,35.4,25.69,3.39,-4.49,0.365,0.344,0.386,True,9,11
NAS100_USD,be+lock,1.0->0.0,2.5->1.5,62,27.4,25.71,3.25,-4.81,0.385,0.332,0.431,True,6,11
NAS100_USD,be+lock,1.0->0.0,2.5->2.0,62,27.4,21.99,2.99,-4.49,0.334,0.345,0.325,True,6,11
NAS100_USD,be+lock,1.5->-0.3,2.0->1.0,63,42.9,31.92,3.6,-5.44,0.458,0.441,0.474,True,9,11
NAS100_USD,be+lock,1.5->-0.3,2.0->1.5,65,41.5,27.36,3.27,-5.44,0.388,0.316,0.459,True,9,11
NAS100_USD,be+lock,1.5->-0.3,2.5->1.5,60,33.3,25.76,3.12,-9.56,0.401,0.167,0.592,True,7,11
NAS100_USD,be+lock,1.5->-0.3,2.5->2.0,60,33.3,22.63,2.9,-7.87,0.357,0.181,0.501,True,7,11
NAS100_USD,be+lock,1.5->-0.2,2.0->1.0,62,41.9,29.13,3.46,-6.43,0.43,0.373,0.48,True,8,11
NAS100_USD,be+lock,1.5->-0.2,2.0->1.5,64,40.6,24.67,3.11,-5.96,0.36,0.248,0.465,True,8,11
NAS100_USD,be+lock,1.5->-0.2,2.5->1.5,60,33.3,27.15,3.27,-8.92,0.419,0.193,0.604,True,7,11
NAS100_USD,be+lock,1.5->-0.2,2.5->2.0,60,33.3,23.99,3.07,-7.35,0.376,0.207,0.513,True,7,11
NAS100_USD,be+lock,1.5->-0.1,2.0->1.0,62,41.9,29.91,3.54,-6.14,0.44,0.387,0.486,True,8,11
NAS100_USD,be+lock,1.5->-0.1,2.0->1.5,64,40.6,25.42,3.2,-5.68,0.369,0.261,0.471,True,8,11
NAS100_USD,be+lock,1.5->-0.1,2.5->1.5,60,33.3,28.56,3.43,-8.28,0.438,0.219,0.616,True,7,11
NAS100_USD,be+lock,1.5->-0.1,2.5->2.0,60,33.3,25.37,3.23,-7.07,0.394,0.233,0.525,True,7,11
NAS100_USD,be+lock,1.5->0.0,2.0->1.0,62,41.9,30.69,3.63,-5.86,0.449,0.401,0.492,True,8,11
NAS100_USD,be+lock,1.5->0.0,2.0->1.5,64,40.6,26.18,3.28,-5.44,0.379,0.274,0.477,True,8,11
NAS100_USD,be+lock,1.5->0.0,2.5->1.5,61,31.1,24.33,2.98,-8.56,0.375,0.201,0.522,True,6,11
NAS100_USD,be+lock,1.5->0.0,2.5->2.0,61,31.1,21.24,2.77,-6.85,0.332,0.214,0.431,True,6,11
