Date,Open,High,Low,Close,Volume,Dividends,Stock Splits,Capital Gains
2024-01-02 00:00:00+11:00,45.70525820291328,46.947408842941485,45.568328857421875,45.568328857421875,88405,0.159854,0.0,0.0
2024-01-03 00:00:00+11:00,45.568326659359734,45.73459693342331,45.55854759131555,45.61722946166992,85613,0.0,0.0,0.0
2024-01-04 00:00:00+11:00,45.5683291593061,45.597670096092976,45.44117888148823,45.5096435546875,114786,0.0,0.0,0.0
2024-01-05 00:00:00+11:00,45.57811324756073,45.63679885864258,45.49986949716353,45.63679885864258,79295,0.0,0.0,0.0
2024-01-08 00:00:00+11:00,45.54876479222672,45.61722946166992,45.46073825565052,45.61722946166992,119488,0.0,0.0,0.0
2024-01-09 00:00:00+11:00,46.08670796721824,46.135610774714564,46.00846422143312,46.10626983642578,108517,0.0,0.0,0.0
2024-01-10 00:00:00+11:00,46.26275885065697,46.34100632375195,46.106267635511905,46.15517044067383,180057,0.0,0.0,0.0
2024-01-11 00:00:00+11:00,46.47793809619812,46.526840903912166,46.40947341918945,46.40947341918945,59277,0.0,0.0,0.0
2024-01-12 00:00:00+11:00,46.52684110803173,46.52684110803173,46.29210613755648,46.3703498840332,81523,0.0,0.0,0.0
2024-01-15 00:00:00+11:00,46.54640218047386,46.56596404951939,46.46815470429176,46.50727844238281,51121,0.0,0.0,0.0
2024-01-16 00:00:00+11:00,46.68332745559235,46.94740706807564,46.68332745559235,46.88872146606445,99450,0.0,0.0,0.0
2024-01-17 00:00:00+11:00,47.143028259277344,47.16259012920736,47.02566077074244,47.143028259277344,83562,0.0,0.0,0.0
2024-01-18 00:00:00+11:00,47.09412204256201,47.4364454139561,46.98653363125389,47.06477737426758,98912,0.0,0.0,0.0
2024-01-19 00:00:00+11:00,47.32886675933866,47.37776957518398,47.27996394349334,47.35820770263672,185408,0.0,0.0,0.0
2024-01-22 00:00:00+11:00,47.778766033221686,47.92547817310827,47.778766033221686,47.89613723754883,156628,0.0,0.0,0.0
2024-01-23 00:00:00+11:00,48.07219807377922,48.13087995437171,47.857021228819306,47.876583099365234,223825,0.0,0.0,0.0
2024-01-24 00:00:00+11:00,48.17978005239295,48.36561594659291,48.17978005239295,48.34605407714844,303953,0.0,0.0,0.0
2024-01-25 00:00:00+11:00,48.26780529331899,48.316711831129396,48.189561548703345,48.23846435546875,125619,0.0,0.0,0.0
2024-01-29 00:00:00+11:00,48.40474371204814,48.40474371204814,48.23846967346108,48.30693435668945,289490,0.0,0.0,0.0
2024-01-30 00:00:00+11:00,48.48298222997296,48.57100877476774,48.453641292056375,48.56122970581055,126288,0.0,0.0,0.0
2024-01-31 00:00:00+11:00,48.41451895664429,48.68837766791915,48.39495708711821,48.64925765991211,186612,0.0,0.0,0.0
2024-02-01 00:00:00+11:00,48.16999899077181,48.355831146240234,48.09175151623041,48.355831146240234,192687,0.0,0.0,0.0
2024-02-02 00:00:00+11:00,48.87421124949447,48.90355218687222,48.70793723191574,48.71772003173828,233285,0.0,0.0,0.0
2024-02-05 00:00:00+11:00,49.549081895291266,49.72513499219603,49.49039628597462,49.539302825927734,185330,0.0,0.0,0.0
2024-02-06 00:00:00+11:00,49.64688046494111,49.66644233193621,49.42192459106445,49.42192459106445,163409,0.0,0.0,0.0
2024-02-07 00:00:00+11:00,49.46104631000848,49.49038724378345,49.39258164383721,49.45126724243164,156222,0.0,0.0,0.0
2024-02-08 00:00:00+11:00,49.891403096907474,49.94030963471207,49.813159352301106,49.91096496582031,140025,0.0,0.0,0.0
2024-02-09 00:00:00+11:00,50.087014759983894,50.17504129877829,50.087014759983894,50.155479431152344,151415,0.0,0.0,0.0
2024-02-12 00:00:00+11:00,50.21416473388672,50.25328846890476,50.13591726385062,50.21416473388672,175353,0.0,0.0,0.0
2024-02-13 00:00:00+11:00,50.087014759983894,50.17504129877829,50.03811195644139,50.155479431152344,119029,0.0,0.0,0.0
2024-02-14 00:00:00+11:00,50.057676812604434,50.07723868139826,49.94030933088643,49.96965026855469,210620,0.0,0.0,0.0
2024-02-15 00:00:00+11:00,50.20438917577233,50.2924119891501,50.13592076918131,50.27285385131836,221905,0.0,0.0,0.0
2024-02-16 00:00:00+11:00,50.31197738647461,50.37066299722048,50.25329550677399,50.31197738647461,176767,0.0,0.0,0.0
2024-02-19 00:00:00+11:00,49.959865768246395,49.998985770536116,49.871839233766536,49.92074203491211,183768,0.0,0.0,0.0
2024-02-20 00:00:00+11:00,49.979428227549256,49.979428227549256,49.79359607470206,49.82293701171875,161246,0.0,0.0,0.0
2024-02-21 00:00:00+11:00,49.54908109935009,49.55886016855653,49.304563327693,49.33390426635742,223123,0.0,0.0,0.0
2024-02-22 00:00:00+11:00,49.774035513458315,49.97942954005879,49.774035513458315,49.93052673339844,178205,0.0,0.0,0.0
2024-02-23 00:00:00+11:00,50.54671488491571,50.585838624473695,50.47825020621182,50.52715301513672,170550,0.0,0.0,0.0
2024-02-26 00:00:00+11:00,50.527149099754446,50.57605190488984,50.48802536322819,50.54671096801758,159119,0.0,0.0,0.0
2024-02-27 00:00:00+11:00,50.56627313880386,50.615175944231815,50.47824659661557,50.4880256652832,171409,0.0,0.0,0.0
2024-02-28 00:00:00+11:00,50.63473783037775,50.84013185187419,50.55649035682965,50.830352783203125,239040,0.0,0.0,0.0
2024-02-29 00:00:00+11:00,50.84991867254578,50.91838335179177,50.7325474529425,50.79123306274414,159578,0.0,0.0,0.0
2024-03-01 00:00:00+11:00,51.11399268205318,51.16289922058585,51.055310805486066,51.123775482177734,448231,0.0,0.0,0.0
2024-03-04 00:00:00+11:00,51.299823278906544,51.37806701660156,51.231358609281656,51.37806701660156,362185,0.0,0.0,0.0
2024-03-05 00:00:00+11:00,51.38785542804191,51.4367582358228,51.33895262026102,51.40741729736328,210082,0.0,0.0,0.0
2024-03-06 00:00:00+11:00,51.37807555141043,51.37807555141043,50.88903998368394,50.89882278442383,176499,0.0,0.0,0.0
2024-03-07 00:00:00+11:00,50.83035640014335,50.83035640014335,50.45868833643282,50.52715301513672,199461,0.0,0.0,0.0
2024-03-08 00:00:00+11:00,50.840135872056244,50.859697741990125,50.7325474529425,50.79123306274414,123400,0.0,0.0,0.0
2024-03-11 00:00:00+11:00,50.42934008017116,50.56626941771099,50.419557281178534,50.46846008300781,168645,0.0,0.0,0.0
2024-03-12 00:00:00+11:00,50.65429869031268,50.69342242630784,50.58583401784357,50.66407775878906,145211,0.0,0.0,0.0
2024-03-13 00:00:00+11:00,51.09443303290542,51.15311490773718,51.00640648961286,51.0553092956543,171902,0.0,0.0,0.0
2024-03-14 00:00:00+11:00,50.97705992504753,51.0748692645373,50.908595252927086,51.04552459716797,101051,0.0,0.0,0.0
2024-03-15 00:00:00+11:00,51.12377517764951,51.26070453021721,51.05531050136567,51.18246078491211,152385,0.0,0.0,0.0
2024-03-18 00:00:00+11:00,50.97706573239406,51.03575134277344,50.937945723186374,51.03575134277344,173602,0.0,0.0,0.0
2024-03-19 00:00:00+11:00,51.192238173299685,51.47587966918945,51.17267630485436,51.47587966918945,276315,0.0,0.0,0.0
2024-03-20 00:00:00+11:00,51.74974070233654,51.80842631032272,51.62259041722235,51.73017883300781,179089,0.0,0.0,0.0
2024-03-21 00:00:00+11:00,51.78886262394463,51.906230104753995,51.62258860600683,51.72039794921875,260549,0.0,0.0,0.0
2024-03-22 00:00:00+11:00,52.10184850922671,52.47351657594621,52.07250756984326,52.44417190551758,217239,0.0,0.0,0.0
2024-03-25 00:00:00+11:00,52.395266178033324,52.463730853478346,52.16053121394896,52.28767776489258,218406,0.0,0.0,0.0
2024-03-26 00:00:00+11:00,52.15074729059635,52.19965009614007,52.052941679508905,52.16053009033203,153268,0.0,0.0,0.0
2024-03-27 00:00:00+11:00,52.11162487831548,52.31702263649174,52.09206300939179,52.24855422973633,167791,0.0,0.0,0.0
2024-03-28 00:00:00+11:00,52.493528300538216,52.58178583210297,52.3856575685329,52.473915100097656,151578,0.139813,0.0,0.0
2024-04-02 00:00:00+11:00,52.660241057759414,52.74849859338657,52.58178825238609,52.65043258666992,220293,0.0,0.0,0.0
2024-04-03 00:00:00+11:00,52.385664146672774,52.46411695828642,52.03263771691921,52.081668853759766,594493,0.0,0.0,0.0
2024-04-04 00:00:00+11:00,51.89534359946217,52.00321434148527,51.807089800536914,51.81689453125,291410,0.0,0.0,0.0
2024-04-05 00:00:00+11:00,51.11082770706925,51.25792483489179,50.973539049547064,51.1990852355957,364038,0.0,0.0,0.0
2024-04-08 00:00:00+10:00,51.738435297480606,51.816888096786585,51.56192398071289,51.56192398071289,207154,0.0,0.0,0.0
2024-04-09 00:00:00+10:00,51.47367083047999,51.512893492634056,51.39521802450048,51.434444427490234,174638,0.0,0.0,0.0
2024-04-10 00:00:00+10:00,51.365802817942665,51.45406035893436,51.32657641287172,51.405025482177734,155184,0.0,0.0,0.0
2024-04-11 00:00:00+10:00,51.65998941750075,51.748246951732526,51.640376216467516,51.68940734863281,174363,0.0,0.0,0.0
2024-04-12 00:00:00+10:00,51.895337562946196,52.04243469238281,51.895337562946196,52.04243469238281,160636,0.0,0.0,0.0
2024-04-15 00:00:00+10:00,51.83650760590874,51.86592553881141,51.718832133462236,51.77766799926758,348102,0.0,0.0,0.0
2024-04-16 00:00:00+10:00,51.31676597801169,51.53250370025027,51.29715277765628,51.38541030883789,302316,0.0,0.0,0.0
2024-04-17 00:00:00+10:00,51.58153853103011,51.601151732792516,51.346187591552734,51.346187591552734,219429,0.0,0.0,0.0
2024-04-18 00:00:00+10:00,51.00295748003575,51.10102347982635,50.944121620996775,51.032379150390625,240467,0.0,0.0,0.0
2024-04-19 00:00:00+10:00,50.86567179155949,50.87548026252903,50.512641653368235,50.7578010559082,610203,0.0,0.0,0.0
2024-04-22 00:00:00+10:00,50.66954123144336,50.66954123144336,50.38515918038418,50.62051010131836,340079,0.0,0.0,0.0
2024-04-23 00:00:00+10:00,50.72838579758435,50.73819426907071,50.60090185411238,50.68915939331055,179410,0.0,0.0,0.0
2024-04-24 00:00:00+10:00,51.15985933886533,51.15985933886533,50.90489522108053,51.032379150390625,407414,0.0,0.0,0.0
2024-04-26 00:00:00+10:00,50.963740161824795,51.022576027029615,50.84606094974358,50.89509582519531,183524,0.0,0.0,0.0
2024-04-29 00:00:00+10:00,51.0225720714529,51.042185271945904,50.7185768159001,50.855865478515625,205870,0.0,0.0,0.0
2024-04-30 00:00:00+10:00,50.91470236447888,51.20889663696289,50.865671232676725,51.20889663696289,199259,0.0,0.0,0.0
2024-05-01 00:00:00+10:00,50.73819351196289,50.86567371269681,50.718580310118654,50.73819351196289,139699,0.0,0.0,0.0
2024-05-02 00:00:00+10:00,50.424387873613526,50.53225861729728,50.3753567376216,50.39496994018555,194614,0.0,0.0,0.0
2024-05-03 00:00:00+10:00,50.522449232472326,50.54206243322957,50.39496529796802,50.44399642944336,184760,0.0,0.0,0.0
2024-05-06 00:00:00+10:00,50.74800180677532,50.7578065379682,50.630326328280645,50.65974426269531,135258,0.0,0.0,0.0
2024-05-07 00:00:00+10:00,51.09121875592817,51.35599136352539,50.94412535670904,51.35599136352539,213566,0.0,0.0,0.0
2024-05-08 00:00:00+10:00,51.444246488656134,51.58153515116142,51.395215357880744,51.50308609008789,187075,0.0,0.0,0.0
2024-05-09 00:00:00+10:00,51.53250402038603,51.58153515116142,51.43444175883525,51.50308609008789,210375,0.0,0.0,0.0
2024-05-10 00:00:00+10:00,51.5325071357338,51.659991076125124,51.52270240532019,51.591346740722656,235775,0.0,0.0,0.0
2024-05-13 00:00:00+10:00,51.68941154352756,51.8267002210664,51.659993610008065,51.807090759277344,244202,0.0,0.0,0.0
2024-05-14 00:00:00+10:00,51.63057257255408,51.71883010864258,51.61095937110822,51.71883010864258,176713,0.0,0.0,0.0
2024-05-15 00:00:00+10:00,51.77766004298726,51.80708171220475,51.6109534610409,51.65998458862305,253274,0.0,0.0,0.0
2024-05-16 00:00:00+10:00,51.86592907556164,52.05225263887953,51.7776715299995,52.022830963134766,432727,0.0,0.0,0.0
2024-05-17 00:00:00+10:00,51.846309920630986,52.022824991493295,51.82669671933121,51.92476272583008,293221,0.0,0.0,0.0
2024-05-20 00:00:00+10:00,51.88553689431272,51.90515009582837,51.77766615639451,51.797279357910156,219837,0.0,0.0,0.0
2024-05-21 00:00:00+10:00,52.03263885190332,52.22876340354359,52.01302564857209,52.15031433105469,168306,0.0,0.0,0.0
2024-05-22 00:00:00+10:00,52.248369094340525,52.258177565013845,52.120888902271304,52.18953323364258,230513,0.0,0.0,0.0
2024-05-23 00:00:00+10:00,52.571980857900456,52.738687449616954,52.532754457201705,52.71907424926758,324653,0.0,0.0,0.0
2024-05-24 00:00:00+10:00,52.218950337396976,52.346434268283694,52.18953240751367,52.238563537597656,196765,0.0,0.0,0.0
2024-05-27 00:00:00+10:00,52.346437260215104,52.346437260215104,52.21895332204187,52.28759765625,178240,0.0,0.0,0.0
2024-05-28 00:00:00+10:00,52.18953297132801,52.18953297132801,52.0718537688526,52.111080169677734,131149,0.0,0.0,0.0
2024-05-29 00:00:00+10:00,52.169918489394355,52.21894961880362,51.993403430852695,52.00320816040039,187138,0.0,0.0,0.0
2024-05-30 00:00:00+10:00,51.963987285076676,51.98359674484519,51.856116552172324,51.944374084472656,210341,0.0,0.0,0.0
2024-05-31 00:00:00+10:00,51.61096077327516,51.62076550384663,51.483476830831464,51.54231643676758,218009,0.0,0.0,0.0
2024-06-03 00:00:00+10:00,51.963982153932534,52.16010665893555,51.924755756597875,52.16010665893555,126578,0.0,0.0,0.0
2024-06-04 00:00:00+10:00,51.699213546475136,51.875728607177734,51.63056921629473,51.875728607177734,234466,0.0,0.0,0.0
2024-06-05 00:00:00+10:00,52.18953959931056,52.20915280221397,52.02282924504953,52.081668853759766,188421,0.0,0.0,0.0
2024-06-06 00:00:00+10:00,52.6602410022736,52.689658933839766,52.48372593120527,52.611209869384766,248319,0.0,0.0,0.0
2024-06-07 00:00:00+10:00,52.54256159334589,52.61120592240758,52.49352672330008,52.57197952270508,255488,0.0,0.0,0.0
2024-06-11 00:00:00+10:00,53.032887517114084,53.160367722081276,53.02307904544838,53.06230545043945,296006,0.0,0.0,0.0
2024-06-12 00:00:00+10:00,53.20939534837724,53.2878481531849,53.15055948560713,53.17997741699219,187391,0.0,0.0,0.0
2024-06-13 00:00:00+10:00,53.32707544172404,53.513395244984856,53.29765376901446,53.49378204345703,175225,0.0,0.0,0.0
2024-06-14 00:00:00+10:00,53.62126852137627,53.70952606201172,53.54281571155105,53.70952606201172,509246,0.0,0.0,0.0
2024-06-17 00:00:00+10:00,53.76836317816638,53.86642544506859,53.69971510233201,53.85661697387695,204977,0.0,0.0,0.0
2024-06-18 00:00:00+10:00,54.17042713196146,54.25868467286462,54.072361119382464,54.11158752441406,185263,0.0,0.0,0.0
2024-06-19 00:00:00+10:00,54.13119435280203,54.13119435280203,53.88603496147669,53.89583969116211,159028,0.0,0.0,0.0
2024-06-20 00:00:00+10:00,53.88603737867003,54.072357177734375,53.85661570662311,54.072357177734375,210958,0.0,0.0,0.0
2024-06-21 00:00:00+10:00,53.856612143132025,53.856612143132025,53.75854988502565,53.82719421386719,178726,0.0,0.0,0.0
2024-06-24 00:00:00+10:00,53.93506609157467,54.06255002249777,53.81739063117243,53.89583969116211,270054,0.0,0.0,0.0
2024-06-25 00:00:00+10:00,53.64087282174255,53.66048602094391,53.582033224138485,53.601646423339844,263255,0.0,0.0,0.0
2024-06-26 00:00:00+10:00,53.8566125140902,53.96448324325143,53.611453126300276,53.62126159667969,251082,0.0,0.0,0.0
2024-06-27 00:00:00+10:00,53.76836465567072,53.807587319007986,53.63107224106499,53.68010711669922,175618,0.0,0.0,0.0
2024-06-28 00:00:00+10:00,54.07235705503729,54.366547588989704,54.052743853995715,54.35674285888672,196984,0.0,0.0,0.0
2024-07-01 00:00:00+10:00,54.08207019837801,54.4163351080448,53.63966395794075,53.77730178833008,277234,0.140619,0.0,0.0
2024-07-02 00:00:00+10:00,53.81663247746088,53.89528106557239,53.73798013899945,53.87561798095703,761817,0.0,0.0,0.0
2024-07-03 00:00:00+10:00,54.04274875845215,54.082071174737855,53.9444333418637,54.01325225830078,322996,0.0,0.0,0.0
2024-07-04 00:00:00+10:00,54.00342437152599,54.00342437152599,53.91494236885526,53.944435119628906,199059,0.0,0.0,0.0
2024-07-05 00:00:00+10:00,53.88545139843967,53.91494415018774,53.79696939284552,53.87561798095703,182960,0.0,0.0,0.0
2024-07-08 00:00:00+10:00,53.964097395107174,53.993590145438965,53.85595231009097,53.93460464477539,215850,0.0,0.0,0.0
2024-07-09 00:00:00+10:00,54.20988464355469,54.288536984518664,54.18039189086822,54.20988464355469,212566,0.0,0.0,0.0
2024-07-10 00:00:00+10:00,54.2098821556298,54.28853449298407,54.15089665296395,54.180389404296875,256190,0.0,0.0,0.0
2024-07-11 00:00:00+10:00,54.60313292608353,54.62279600919211,54.52448059364924,54.54414367675781,190777,0.0,0.0,0.0
2024-07-12 00:00:00+10:00,54.07224354481569,54.200051716019566,54.02308770984491,54.08207321166992,211082,0.0,0.0,0.0
2024-07-15 00:00:00+10:00,54.36718623586283,54.45566824534761,54.31803039733797,54.39668273925781,307104,0.0,0.0,0.0
2024-07-16 00:00:00+10:00,54.612966107292785,54.848919369431734,54.612966107292785,54.809593200683594,223157,0.0,0.0,0.0
2024-07-17 00:00:00+10:00,55.06520604915972,55.13402871995924,54.94723129272461,54.94723129272461,215890,0.0,0.0,0.0
2024-07-18 00:00:00+10:00,54.52448237228606,54.6719536252362,54.43600037058593,54.47532653808594,258223,0.0,0.0,0.0
2024-07-19 00:00:00+10:00,54.28853722995609,54.36718582092559,54.2688741446262,54.3475227355957,216589,0.0,0.0,0.0
2024-07-22 00:00:00+10:00,54.10173229264759,54.28852970220482,54.02308371258365,54.259033203125,236175,0.0,0.0,0.0
2024-07-23 00:00:00+10:00,54.85875239710646,54.917741653842356,54.78010380514202,54.84892272949219,187550,0.0,0.0,0.0
2024-07-24 00:00:00+10:00,54.80959229271292,54.9865562987981,54.79976262586366,54.88824462890625,194853,0.0,0.0,0.0
2024-07-25 00:00:00+10:00,54.229543813733464,54.50481948653397,54.21971414699763,54.298362731933594,176540,0.0,0.0,0.0
2024-07-26 00:00:00+10:00,54.21971211219751,54.27869761109839,54.18038594603052,54.22954177856445,132315,0.0,0.0,0.0
2024-07-29 00:00:00+10:00,54.73093624645406,54.87840749164495,54.71127691408819,54.79975891113281,229669,0.0,0.0,0.0
2024-07-30 00:00:00+10:00,54.52448643652866,54.6326315300399,54.485160266097296,54.61296844482422,209475,0.0,0.0,0.0
2024-07-31 00:00:00+10:00,54.534313700438766,55.28149210256993,54.485154117771906,55.21267318725586,241712,0.0,0.0,0.0
2024-08-01 00:00:00+10:00,55.537110439609805,55.792723027113176,55.537110439609805,55.68457794189453,191545,0.0,0.0,0.0
2024-08-02 00:00:00+10:00,54.93739982990591,54.93739982990591,54.298362731933594,54.298362731933594,246667,0.0,0.0,0.0
2024-08-05 00:00:00+10:00,53.60034523385401,53.67899382627475,52.71552512943239,53.23658752441406,616545,0.0,0.0,0.0
2024-08-06 00:00:00+10:00,52.715516275558876,53.18741900187493,52.4795667875756,52.86298751831055,425758,0.0,0.0,0.0
2024-08-07 00:00:00+10:00,52.77451110986406,52.862993114812575,52.430416507480864,52.79417419433594,330532,0.0,0.0,0.0
2024-08-08 00:00:00+10:00,52.06666114025789,52.18463966084323,51.89953052828749,51.96834945678711,282927,0.0,0.0,0.0
2024-08-09 00:00:00+10:00,52.990798627848726,53.02029137790067,52.745015709816684,52.85315704345703,272033,0.0,0.0,0.0
2024-08-12 00:00:00+10:00,53.2955687935909,53.3348949618495,53.12843820401662,53.18742370605469,205392,0.0,0.0,0.0
2024-08-13 00:00:00+10:00,53.23658070346118,53.30539961939318,53.157928370767664,53.24641036987305,194614,0.0,0.0,0.0
2024-08-14 00:00:00+10:00,53.66916477806951,53.82646571507673,53.600345852525734,53.73798370361328,225827,0.0,0.0,0.0
2024-08-15 00:00:00+10:00,54.1508950718742,55.05537442294034,54.072242736816406,54.072242736816406,265428,0.0,0.0,0.0
2024-08-16 00:00:00+10:00,55.02588230243396,55.02588230243396,54.888244464856825,54.976722717285156,183839,0.0,0.0,0.0
2024-08-19 00:00:00+10:00,54.6719536252362,54.6719536252362,54.455663454335934,54.47532653808594,227389,0.0,0.0,0.0
2024-08-20 00:00:00+10:00,54.5736438441203,54.789934037364034,54.5736438441203,54.72111511230469,305421,0.0,0.0,0.0
2024-08-21 00:00:00+10:00,54.42616857253781,54.52448023708815,54.36717932359785,54.49498748779297,212742,0.0,0.0,0.0
2024-08-22 00:00:00+10:00,54.66212463378906,54.750606642652954,54.632631880951116,54.66212463378906,167942,0.0,0.0,0.0
2024-08-23 00:00:00+10:00,54.622800182511206,54.64246326712209,54.53431817693719,54.59330368041992,208406,0.0,0.0,0.0
2024-08-26 00:00:00+10:00,54.386844084060094,54.54414500240211,54.34751791688716,54.514652252197266,186276,0.0,0.0,0.0
2024-08-27 00:00:00+10:00,54.37701043686988,54.43599593296164,54.27869502613456,54.28852844238281,193568,0.0,0.0,0.0
2024-08-28 00:00:00+10:00,54.30820031528598,54.39668232409545,54.11157321233714,54.3475227355957,221440,0.0,0.0,0.0
2024-08-29 00:00:00+10:00,53.75764332607657,53.8657884164922,53.67899098746523,53.78713607788086,186697,0.0,0.0,0.0
2024-08-30 00:00:00+10:00,54.06241520455471,54.15089720981322,53.98376286639163,54.052581787109375,145258,0.0,0.0,0.0
2024-09-02 00:00:00+10:00,54.64246494782276,54.75060629098397,54.61296844482422,54.61296844482422,257294,0.0,0.0,0.0
2024-09-03 00:00:00+10:00,54.54414496627084,54.9472288036521,54.494989132512096,54.9177360534668,257624,0.0,0.0,0.0
2024-09-04 00:00:00+10:00,53.95426863656302,54.03291722222146,53.78713429772043,53.855953216552734,466133,0.0,0.0,0.0
2024-09-05 00:00:00+10:00,53.855953216552734,53.95426863656302,53.76747121371837,53.855953216552734,178806,0.0,0.0,0.0
2024-09-06 00:00:00+10:00,53.56101776195269,53.639670102813795,53.36439066014996,53.58068084716797,208228,0.0,0.0,0.0
2024-09-09 00:00:00+10:00,53.22674664524937,53.46269989013672,53.20708356231295,53.46269989013672,247843,0.0,0.0,0.0
2024-09-10 00:00:00+10:00,54.0034267160713,54.023089800890666,53.73798069653483,53.74781036376953,162195,0.0,0.0,0.0
2024-09-11 00:00:00+10:00,54.13123040125935,54.190215900473795,53.885447486933465,53.96409606933594,185910,0.0,0.0,0.0
2024-09-12 00:00:00+10:00,54.57363765477176,54.67195307252784,54.553978321570256,54.60313415527344,221447,0.0,0.0,0.0
2024-09-13 00:00:00+10:00,54.681785583496094,54.760437921792196,54.61296666266196,54.681785583496094,169338,0.0,0.0,0.0
2024-09-16 00:00:00+10:00,55.02588924209535,55.09470816956311,54.87841796875,54.87841796875,182119,0.0,0.0,0.0
2024-09-17 00:00:00+10:00,54.770263671875,54.85874567095516,54.70144475596262,54.770263671875,177560,0.0,0.0,0.0
2024-09-18 00:00:00+10:00,54.78993144337323,54.839087280324065,54.66212326702109,54.78010177612305,148611,0.0,0.0,0.0
2024-09-19 00:00:00+10:00,54.88824553817987,55.00622029407441,54.77518374061645,54.809593200683594,210219,0.0,0.0,0.0
2024-09-20 00:00:00+10:00,55.06520310081602,55.09469960110789,54.898072517344076,54.957061767578125,195582,0.0,0.0,0.0
2024-09-23 00:00:00+10:00,55.05537505324341,55.14385705602154,54.94722996647571,54.976722717285156,187876,0.0,0.0,0.0
2024-09-24 00:00:00+10:00,54.927565267286255,54.96689143410896,54.67195268363808,54.957061767578125,209030,0.0,0.0,0.0
2024-09-25 00:00:00+10:00,54.524486892437686,54.61296890147309,54.46550138664745,54.57364273071289,239030,0.0,0.0,0.0
2024-09-26 00:00:00+10:00,55.14385951130408,55.1831856810342,55.04554783732873,55.094703674316406,183974,0.0,0.0,0.0
2024-09-27 00:00:00+10:00,54.75060978187405,54.90791072327897,54.72111702734509,54.87841796875,139797,0.0,0.0,0.0
2024-09-30 00:00:00+10:00,54.51465377940149,54.524483446295235,54.2295446849351,54.308197021484375,311979,0.0,0.0,0.0
2024-10-01 00:00:00+10:00,54.62279814644047,54.691617064838375,54.46549722576674,54.52448272705078,216977,0.0,0.0,0.0
2024-10-02 00:00:00+10:00,54.386846416667254,54.416339168137014,54.12140040238977,54.31802749633789,206550,0.0,0.0,0.0
2024-10-03 00:00:00+10:00,54.522766802842966,54.58194627020977,54.443864608796986,54.5030403137207,177522,0.177588,0.0,0.0
2024-10-04 00:00:00+10:00,54.63126267132506,54.76934433794335,54.572086964170495,54.660850524902344,125983,0.0,0.0,0.0
2024-10-07 00:00:00+11:00,55.509066157153036,55.5682456218256,55.40057235314147,55.440025329589844,129534,0.0,0.0,0.0
2024-10-08 00:00:00+11:00,55.370991419035526,55.64715476378694,55.272362728036704,55.56825256347656,161700,0.0,0.0,0.0
2024-10-09 00:00:00+11:00,55.96276786510963,56.081123032019626,55.874000549316406,55.874000549316406,196573,0.0,0.0,0.0
2024-10-10 00:00:00+11:00,56.60386727730448,56.643320257572135,56.43619775483188,56.47564697265625,175220,0.0,0.0,0.0
2024-10-11 00:00:00+11:00,56.36715385722582,56.416468198658684,56.2981130267312,56.34742736816406,135498,0.0,0.0,0.0
2024-10-14 00:00:00+11:00,56.672905339192944,56.79126427420595,56.5940031449607,56.66304397583008,171249,0.0,0.0,0.0
2024-10-15 00:00:00+11:00,57.2548273227391,57.42250061035156,57.21537434183695,57.42250061035156,191332,0.0,0.0,0.0
2024-10-16 00:00:00+11:00,57.05756377498505,57.294277887974154,57.04770241139696,57.16605758666992,194014,0.0,0.0,0.0
2024-10-17 00:00:00+11:00,57.54085442446371,57.59016876819889,57.126605659713036,57.244964599609375,233896,0.0,0.0,0.0
2024-10-18 00:00:00+11:00,57.38304589487549,57.39290725858126,57.16605826891611,57.254825592041016,139820,0.0,0.0,0.0
2024-10-21 00:00:00+11:00,57.44222603852226,57.5014017463378,57.35345871435567,57.45208740234375,142199,0.0,0.0,0.0
2024-10-22 00:00:00+11:00,57.7874249859471,57.81701283718064,57.38304138183594,57.38304138183594,147031,0.0,0.0,0.0
2024-10-23 00:00:00+11:00,57.45208845349444,57.619757978630545,57.41263547260006,57.5309944152832,180430,0.0,0.0,0.0
2024-10-24 00:00:00+11:00,57.46194982881037,57.521129300163594,57.402774119900485,57.42250061035156,211448,0.0,0.0,0.0
2024-10-25 00:00:00+11:00,57.57044119075973,57.64934714920016,57.521126847956054,57.600032806396484,148860,0.0,0.0,0.0
2024-10-28 00:00:00+11:00,58.01428320464999,58.28058519552649,57.974830221754914,58.20167922973633,238972,0.0,0.0,0.0
2024-10-29 00:00:00+11:00,58.15235969179116,58.270718629911954,58.083318859108964,58.241127014160156,186899,0.0,0.0,0.0
2024-10-30 00:00:00+11:00,58.55674398477961,58.744143757696456,58.52715613113726,58.65537643432617,226577,0.0,0.0,0.0
2024-10-31 00:00:00+11:00,58.004416364836,58.06359207114921,57.905783916908675,57.92551040649414,216347,0.0,0.0,0.0
2024-11-01 00:00:00+11:00,57.20551125668206,57.50140107965901,56.998388756842516,57.146331787109375,275273,0.0,0.0,0.0
2024-11-04 00:00:00+11:00,57.13646766932663,57.14632903255846,56.919480053795866,57.11674118041992,241656,0.0,0.0,0.0
2024-11-05 00:00:00+11:00,57.11674713572578,57.126608499985814,56.909624624274166,56.94907760620117,259565,0.0,0.0,0.0
2024-11-06 00:00:00+11:00,57.33373372447529,59.03017052940799,57.22523990738355,58.70469284057617,416268,0.0,0.0,0.0
2024-11-07 00:00:00+11:00,59.3556484345432,59.66140337694895,58.85263236034158,58.91181182861328,493285,0.0,0.0,0.0
2024-11-08 00:00:00+11:00,58.852632354679464,59.08934646530036,58.793456648856605,59.02030563354492,390171,0.0,0.0,0.0
2024-11-11 00:00:00+11:00,59.917840111164,60.026333921586634,59.81921142665785,59.88825225830078,277930,0.0,0.0,0.0
2024-11-12 00:00:00+11:00,59.98688330838629,60.184144447620696,59.917842474020745,60.144691467285156,451222,0.0,0.0,0.0
2024-11-13 00:00:00+11:00,60.22359498968141,60.282770695345576,60.07564820063471,60.1052360534668,305218,0.0,0.0,0.0
2024-11-14 00:00:00+11:00,60.637841635011355,60.87455575146167,60.588527291463485,60.81537628173828,314027,0.0,0.0,0.0
2024-11-15 00:00:00+11:00,60.57866746700864,60.57866746700864,60.2827776173825,60.341957092285156,228852,0.0,0.0,0.0
2024-11-18 00:00:00+11:00,59.93756622926774,59.93756622926774,59.7205786097666,59.89811325073242,296890,0.0,0.0,0.0
2024-11-19 00:00:00+11:00,59.592361810564405,59.69099426269531,59.51345961130301,59.69099426269531,202364,0.0,0.0,0.0
2024-11-20 00:00:00+11:00,59.552908416272174,59.7107165661727,59.493728949143325,59.70085144042969,292655,0.0,0.0,0.0
2024-11-21 00:00:00+11:00,59.74030479395869,59.91783943401789,59.44441498134105,59.582496643066406,217286,0.0,0.0,0.0
2024-11-22 00:00:00+11:00,59.97702468816,60.17428207397461,59.95729819708984,60.17428207397461,333262,0.0,0.0,0.0
2024-11-25 00:00:00+11:00,60.26304868335969,60.48003632009828,60.12496700996001,60.41099548339844,371341,0.0,0.0,0.0
2024-11-26 00:00:00+11:00,60.62798203075517,60.9140067366108,60.588529049794616,60.657569885253906,356339,0.0,0.0,0.0
2024-11-27 00:00:00+11:00,61.150718688964844,61.30852684476122,61.07181272984505,61.150718688964844,329002,0.0,0.0,0.0
2024-11-28 00:00:00+11:00,60.75619924207267,60.94359902247052,60.687158405855584,60.85483169555664,338497,0.0,0.0,0.0
2024-11-29 00:00:00+11:00,60.85482825854891,60.85482825854891,60.66742848873517,60.736473083496094,203474,0.0,0.0,0.0
2024-12-02 00:00:00+11:00,60.9435927591133,61.09153578046962,60.90413978177441,61.0323600769043,338061,0.0,0.0,0.0
2024-12-03 00:00:00+11:00,61.43674606396095,61.614280706407285,61.36770523216995,61.50578689575195,292756,0.0,0.0,0.0
2024-12-04 00:00:00+11:00,61.41702055246203,62.14688186085784,61.3479797195717,61.91017150878906,375353,0.0,0.0,0.0
2024-12-05 00:00:00+11:00,62.206058502197266,62.28496445759525,62.17153808732141,62.206058502197266,357111,0.0,0.0,0.0
2024-12-06 00:00:00+11:00,61.989075747361134,62.225789869670905,61.88058569384763,62.176475524902344,224830,0.0,0.0,0.0
2024-12-09 00:00:00+11:00,62.630169600156265,62.73866340932853,62.55126364350621,62.718936920166016,257840,0.0,0.0,0.0
2024-12-10 00:00:00+11:00,61.98906983076795,62.41317992769609,61.821400322069515,62.344139099121094,562838,0.0,0.0,0.0
2024-12-11 00:00:00+11:00,62.35400703110666,62.40332137338798,62.20606024181955,62.37373352050781,253689,0.0,0.0,0.0
2024-12-12 00:00:00+11:00,62.76825618149467,62.81757052704456,62.294831691817656,62.36387252807617,466034,0.0,0.0,0.0
2024-12-13 00:00:00+11:00,62.659759892796465,62.738665852519304,62.56113120558617,62.649898529052734,277659,0.0,0.0,0.0
2024-12-16 00:00:00+11:00,62.69921187639971,62.69921187639971,62.442775036261644,62.462501525878906,374839,0.0,0.0,0.0
2024-12-17 00:00:00+11:00,62.82743347797046,62.85702133178711,62.58085799631629,62.85702133178711,246260,0.0,0.0,0.0
2024-12-18 00:00:00+11:00,62.89647703776007,63.11346467500179,62.67948940051836,63.103599548339844,253909,0.0,0.0,0.0
2024-12-19 00:00:00+11:00,62.24551323174403,62.33428055284352,62.018664247254904,62.15674591064453,787069,0.0,0.0,0.0
2024-12-20 00:00:00+11:00,62.02852562750662,62.0383907534332,61.72277444775924,61.83126449584961,605865,0.0,0.0,0.0
2024-12-23 00:00:00+11:00,62.531545409040675,63.074010731429524,62.531545409040675,62.699214935302734,212714,0.0,0.0,0.0
2024-12-24 00:00:00+11:00,62.98524436550046,63.103599548339844,62.92606489285906,63.103599548339844,227559,0.0,0.0,0.0
2024-12-27 00:00:00+11:00,63.91385561726618,64.09191649650143,63.75557592586104,63.8643913269043,105884,0.189086,0.0,0.0
2024-12-30 00:00:00+11:00,64.00288129043012,64.00288129043012,62.89495365654543,62.92462921142578,209794,0.0,0.0,0.0
2024-12-31 00:00:00+11:00,62.509156160449194,62.67732645280632,62.38055956619482,62.55862045288086,135974,0.0,0.0,0.0
2025-01-02 00:00:00+11:00,62.71689729516582,62.885063816388346,62.34099055403888,62.568511962890625,206233,0.0,0.0,0.0
2025-01-03 00:00:00+11:00,62.34099119996296,62.39045172003524,62.25196075439453,62.25196075439453,199004,0.0,0.0,0.0
2025-01-06 00:00:00+11:00,62.993874823864566,63.043335339969886,62.64764743753185,62.845489501953125,216341,0.0,0.0,0.0
2025-01-07 00:00:00+11:00,63.08290348908279,63.16203955790775,62.75645729949194,62.786136627197266,331083,0.0,0.0,0.0
2025-01-08 00:00:00+11:00,62.43991056876774,62.716896266230826,62.370665087800894,62.59818649291992,253863,0.0,0.0,0.0
2025-01-09 00:00:00+11:00,62.73667441405613,62.73667441405613,62.548722942483934,62.68721389770508,323603,0.0,0.0,0.0
2025-01-10 00:00:00+11:00,62.756463124002835,62.766357492021385,62.489371791438145,62.72678756713867,219615,0.0,0.0,0.0
2025-01-13 00:00:00+11:00,62.380559179335776,62.400344141466604,62.0046524460414,62.27174377441406,370395,0.0,0.0,0.0
2025-01-14 00:00:00+11:00,62.27174469001083,62.34099017168902,62.16292928348917,62.28163528442383,254558,0.0,0.0,0.0
2025-01-15 00:00:00+11:00,62.25195810387875,62.301418621845144,62.11346714413461,62.14314270019531,283583,0.0,0.0,0.0
2025-01-16 00:00:00+11:00,62.86528045469033,63.19172668457031,62.81581993387101,63.19172668457031,331960,0.0,0.0,0.0
2025-01-17 00:00:00+11:00,62.934523120688155,63.23129000591225,62.894956969961775,63.162044525146484,275255,0.0,0.0,0.0
2025-01-20 00:00:00+11:00,63.79514743894989,63.79514743894989,63.46870877487397,63.557735443115234,316865,0.0,0.0,0.0
2025-01-21 00:00:00+11:00,63.310428619384766,63.54784061349392,63.1323677370051,63.310428619384766,809586,0.0,0.0,0.0
2025-01-22 00:00:00+11:00,63.63687772824651,63.8050442506043,63.58741343475701,63.78526306152344,421456,0.0,0.0,0.0
2025-01-23 00:00:00+11:00,63.805045053981544,63.9633247573876,63.75558075986924,63.834720611572266,207479,0.0,0.0,0.0
2025-01-24 00:00:00+11:00,64.14137352799919,64.14137352799919,63.656655178476456,63.745689392089844,273441,0.0,0.0,0.0
2025-01-28 00:00:00+11:00,63.260968033027964,63.4093495857861,63.04333722733464,63.349998474121094,410237,0.0,0.0,0.0
2025-01-29 00:00:00+11:00,63.755583179789305,64.12159934741466,63.755583179789305,64.06224822998047,264561,0.0,0.0,0.0
2025-01-30 00:00:00+11:00,63.92375038155285,64.1611623729431,63.72590076606837,64.1512680053711,243566,0.0,0.0,0.0
2025-01-31 00:00:00+11:00,64.46782515606878,64.56674619836804,64.36890411376953,64.36890411376953,355595,0.0,0.0,0.0
2025-02-03 00:00:00+11:00,63.49838310162108,64.0919168533125,63.340103409334766,63.706119537353516,612217,0.0,0.0,0.0
2025-02-04 00:00:00+11:00,63.84461226044153,63.933638929421704,63.67644574312921,63.765472412109375,358378,0.0,0.0,0.0
2025-02-05 00:00:00+11:00,63.43902315661626,63.50826863378916,63.31042656963544,63.36977767944336,471139,0.0,0.0,0.0
2025-02-06 00:00:00+11:00,63.547840443589536,63.894067839737865,63.537953623121865,63.87428665161133,218292,0.0,0.0,0.0
2025-02-07 00:00:00+11:00,63.66654763351049,63.76546866451628,63.626977711669994,63.72589874267578,303200,0.0,0.0,0.0
2025-02-10 00:00:00+11:00,63.34999628974848,63.666548119698874,63.310426367605814,63.488487243652344,344140,0.0,0.0,0.0
2025-02-11 00:00:00+11:00,63.64676012619579,63.666548861093034,63.53795227302508,63.5775146484375,372075,0.0,0.0,0.0
2025-02-12 00:00:00+11:00,63.58740438968308,63.59729875641185,63.40934352451758,63.528053283691406,243768,0.0,0.0,0.0
2025-02-13 00:00:00+11:00,63.6170838302228,63.676442487032276,63.488487243652344,63.488487243652344,269418,0.0,0.0,0.0
2025-02-14 00:00:00+11:00,63.81494133394942,63.87429245090885,63.75558266979811,63.85451126098633,237746,0.0,0.0,0.0
2025-02-17 00:00:00+11:00,63.528057368519114,63.67644269022989,63.32032093700042,63.36977767944336,345414,0.0,0.0,0.0
2025-02-18 00:00:00+11:00,63.51817028721165,63.735801111059374,63.429143612287675,63.56763458251953,249922,0.0,0.0,0.0
2025-02-19 00:00:00+11:00,63.557737426733524,63.775368241037185,63.52806186972694,63.53795623779297,214698,0.0,0.0,0.0
2025-02-20 00:00:00+11:00,63.80504393948386,63.87428942171657,63.45881652832031,63.45881652832031,418591,0.0,0.0,0.0
2025-02-21 00:00:00+11:00,63.16204198074505,63.16204198074505,62.9444149529319,63.0136604309082,352907,0.0,0.0,0.0
2025-02-24 00:00:00+11:00,62.43002216581715,62.5388375750405,62.30142179368084,62.45969772338867,371046,0.0,0.0,0.0
2025-02-25 00:00:00+11:00,62.251961782179386,62.36077719229244,62.19260689295522,62.222286224365234,360625,0.0,0.0,0.0
2025-02-26 00:00:00+11:00,62.024437408172226,62.27174377441406,61.92551259751808,62.27174377441406,372761,0.0,0.0,0.0
2025-02-27 00:00:00+11:00,62.370662376186026,62.52893829345703,62.23217142027334,62.52893829345703,230370,0.0,0.0,0.0
2025-02-28 00:00:00+11:00,62.13325468092187,62.30142120369576,61.95519378998729,62.29153060913086,257087,0.0,0.0,0.0
2025-03-03 00:00:00+11:00,63.241181444961946,63.34999684501031,62.9345202060616,63.21150588989258,296065,0.0,0.0,0.0
2025-03-04 00:00:00+11:00,62.14314224637725,62.4201241638428,62.05411180524967,62.380558013916016,440114,0.0,0.0,0.0
2025-03-05 00:00:00+11:00,61.22316141748419,61.49025273710739,61.11434601612709,61.36165237426758,672707,0.0,0.0,0.0
2025-03-06 00:00:00+11:00,60.778010475207395,60.847255955031315,60.55048907384369,60.72854995727539,776257,0.0,0.0,0.0
2025-03-07 00:00:00+11:00,59.99652625248517,60.253723214249675,59.89760144134828,60.21415328979492,524424,0.0,0.0,0.0
2025-03-10 00:00:00+11:00,59.90749612844452,60.12512316691379,59.75911079774645,60.055877685546875,366835,0.0,0.0,0.0
2025-03-11 00:00:00+11:00,58.9677310853743,59.18536189711804,58.37419353705382,59.16557693481445,856931,0.0,0.0,0.0
2025-03-12 00:00:00+11:00,58.502796030479075,58.641286998039476,58.433550546698875,58.58193588256836,465732,0.0,0.0,0.0
2025-03-13 00:00:00+11:00,58.4731162702119,58.58193167221605,58.275270427803946,58.2950553894043,445811,0.0,0.0,0.0
2025-03-14 00:00:00+11:00,58.26538068019498,58.453332157735254,58.18624083264394,58.34451675415039,424775,0.0,0.0,0.0
2025-03-17 00:00:00+11:00,58.463224375941536,58.54236422569102,58.41376385664598,58.483009338378906,420854,0.0,0.0,0.0
2025-03-18 00:00:00+11:00,58.680856036750704,58.73031655676067,58.51268951399764,58.532470703125,429647,0.0,0.0,0.0
2025-03-19 00:00:00+11:00,58.28516762114711,58.423662368030655,58.21592213450334,58.324737548828125,241824,0.0,0.0,0.0
2025-03-20 00:00:00+11:00,59.03698004385461,59.38320747057054,59.01719508038571,59.323856353759766,382213,0.0,0.0,0.0
2025-03-21 00:00:00+11:00,59.30406746621798,59.45244902202261,59.2051426554192,59.36341857910156,269361,0.0,0.0,0.0
2025-03-24 00:00:00+11:00,59.7887817775984,59.99652197939227,59.77889118398699,59.96684265136719,253958,0.0,0.0,0.0
2025-03-25 00:00:00+11:00,60.491136721493845,60.51091790938456,60.36253635863088,60.3922119140625,342337,0.0,0.0,0.0
2025-03-26 00:00:00+11:00,60.52081511195596,60.75822711372137,60.37242978065578,60.42189407348633,345957,0.0,0.0,0.0
2025-03-27 00:00:00+11:00,59.76899627589495,59.838245524929846,59.709645167572745,59.75910568237305,392392,0.0,0.0,0.0
2025-03-28 00:00:00+11:00,59.640460251552454,59.84874965497632,59.53135519729032,59.80907440185547,259392,0.160375,0.0,0.0
2025-03-31 00:00:00+11:00,58.37088226456995,58.37088226456995,58.033650159366566,58.241943359375,340830,0.0,0.0,0.0
2025-04-01 00:00:00+11:00,59.134611142553844,59.20404094476261,58.82713738524086,58.94615936279297,296699,0.0,0.0,0.0
2025-04-02 00:00:00+11:00,59.18420461417184,59.2338005742419,58.88664777195415,58.956077575683594,226722,0.0,0.0,0.0
2025-04-03 00:00:00+11:00,57.91462506596028,58.1427520978698,57.48812555041278,58.07332229614258,390871,0.0,0.0,0.0
2025-04-04 00:00:00+11:00,56.18879447277176,56.73431597778459,56.099527042232175,56.575618743896484,803161,0.0,0.0,0.0
2025-04-07 00:00:00+10:00,53.78848878638272,54.49270744977688,53.421502181797614,53.719058990478516,1658115,0.0,0.0,0.0
2025-04-08 00:00:00+10:00,56.27806332716187,56.535944919889324,55.772213280092544,55.861480712890625,1314153,0.0,0.0,0.0
2025-04-09 00:00:00+10:00,54.62165146544372,54.70100196765331,53.67938506172588,54.10588455200195,1046460,0.0,0.0,0.0
2025-04-10 00:00:00+10:00,58.97591554829133,59.00567388123571,57.65674548606754,57.91462707519531,1201611,0.0,0.0,0.0
2025-04-11 00:00:00+10:00,55.64326759560172,56.853336334228516,54.94896958193756,56.853336334228516,1323481,0.0,0.0,0.0
2025-04-14 00:00:00+10:00,56.55577911009901,56.87317356661402,56.3871611767777,56.73431396484375,4961027,0.0,0.0,0.0
2025-04-15 00:00:00+10:00,56.30781735773981,56.38716408413955,55.90115545288465,56.08960723876953,433964,0.0,0.0,0.0
2025-04-16 00:00:00+10:00,55.80196481576736,55.83172314751978,55.21676807317511,55.34571075439453,4606771,0.0,0.0,0.0
2025-04-17 00:00:00+10:00,54.74067558846377,55.48456954956055,54.6712457881193,55.48456954956055,441315,0.0,0.0,0.0
2025-04-22 00:00:00+10:00,54.056296914925774,54.38361208853975,53.08427588315296,53.1834602355957,1193224,0.0,0.0,0.0
2025-04-23 00:00:00+10:00,55.7622933461648,55.79204789427682,55.22668877830605,55.34571075439453,463975,0.0,0.0,0.0
2025-04-24 00:00:00+10:00,55.87139699310337,55.99041896619313,55.61351163716186,55.68294143676758,592278,0.0,0.0,0.0
2025-04-28 00:00:00+10:00,56.93268391446565,56.99219300764081,56.62520639304659,56.74422836303711,341428,0.0,0.0,0.0
2025-04-29 00:00:00+10:00,56.81366249201852,57.07154786090475,56.73431576718925,56.89301300048828,267400,0.0,0.0,0.0
2025-04-30 00:00:00+10:00,57.32942621794127,57.388939095942426,56.93268504885437,57.0715446472168,307371,0.0,0.0,0.0
2025-05-01 00:00:00+10:00,57.78568208282579,58.14275179478473,57.72617298659289,57.98405456542969,289558,0.0,0.0,0.0
2025-05-02 00:00:00+10:00,57.82535494259921,58.27169206407335,57.775762769911026,58.02372741699219,287130,0.0,0.0,0.0
2025-05-05 00:00:00+10:00,57.97413766507893,58.09315964122852,57.48812527170415,57.60715103149414,243335,0.0,0.0,0.0
2025-05-06 00:00:00+10:00,57.696413442484534,57.82535612101371,57.53771621646413,57.626983642578125,217501,0.0,0.0,0.0
2025-05-07 00:00:00+10:00,57.40877914428711,57.547638748508675,57.289753383262536,57.40877914428711,215810,0.0,0.0,0.0
2025-05-08 00:00:00+10:00,57.785685191825834,58.2518599834802,57.70633846469948,58.15267562866211,252366,0.0,0.0,0.0
2025-05-09 00:00:00+10:00,58.46014665668602,58.737869647703064,58.38079993328146,58.479984283447266,357894,0.0,0.0,0.0
2025-05-12 00:00:00+10:00,58.926321645718396,59.05526432832605,58.89656709728604,58.916404724121094,514906,0.0,0.0,0.0
2025-05-13 00:00:00+10:00,60.51329424679034,60.55296950065103,59.9479351220171,60.136390686035156,391390,0.0,0.0,0.0
2025-05-14 00:00:00+10:00,60.136390686035156,60.156228312965496,59.92809749508675,60.136390686035156,317206,0.0,0.0,0.0
2025-05-15 00:00:00+10:00,60.443858790645464,60.463696415720264,60.15622268616109,60.354591369628906,432988,0.0,0.0,0.0
2025-05-16 00:00:00+10:00,61.05881790598366,61.10841008017166,60.72158582440872,60.791015625,350951,0.0,0.0,0.0
2025-05-19 00:00:00+10:00,61.078659753342336,61.09849359747591,60.74142764846235,60.91004180908203,299098,0.0,0.0,0.0
2025-05-20 00:00:00+10:00,61.11832680294103,61.3464538303768,60.959629575870906,61.1084098815918,364348,0.0,0.0,0.0
2025-05-21 00:00:00+10:00,61.09849018709778,61.09849018709778,60.58272702832004,60.652156829833984,269149,0.0,0.0,0.0
2025-05-22 00:00:00+10:00,60.08679941122415,60.205821390949886,59.898343844381166,60.027286529541016,240275,0.0,0.0,0.0
2025-05-23 00:00:00+10:00,60.29508335150033,60.33475860235629,59.92809295654297,59.92809295654297,324089,0.0,0.0,0.0
2025-05-26 00:00:00+10:00,59.52143691879625,59.5611121735346,59.253638408413735,59.39249801635742,277118,0.0,0.0,0.0
2025-05-27 00:00:00+10:00,59.828913351122615,59.96777295647512,59.630540864773124,59.81899642944336,202038,0.0,0.0,0.0
2025-05-28 00:00:00+10:00,60.74142735130118,60.91995843311424,60.67199376261089,60.82077407836914,319208,0.0,0.0,0.0
2025-05-29 00:00:00+10:00,61.56466563710324,61.76303812233075,61.41588532727249,61.6142578125,368520,0.0,0.0,0.0
2025-05-30 00:00:00+10:00,60.49345729754296,60.76125578825171,60.384352246848145,60.72158432006836,253175,0.0,0.0,0.0
2025-06-02 00:00:00+10:00,60.45378261328789,60.46369953451677,60.116550536901585,60.146305084228516,252130,0.0,0.0,0.0
2025-06-03 00:00:00+10:00,60.29508831131704,60.632320404052734,60.28516760596689,60.632320404052734,234798,0.0,0.0,0.0
2025-06-04 00:00:00+10:00,61.108410063382436,61.217515116750285,60.91003758304456,61.16791915893555,237835,0.0,0.0,0.0
2025-06-05 00:00:00+10:00,60.820770172784734,60.88028305199455,60.65215602381745,60.791015625,191628,0.0,0.0,0.0
2025-06-06 00:00:00+10:00,60.36451449891666,60.7017465714552,60.35459379416068,60.69182586669922,262243,0.0,0.0,0.0
2025-06-10 00:00:00+10:00,60.9695488695742,61.3662900362458,60.900119070815656,61.06873321533203,339235,0.0,0.0,0.0
2025-06-11 00:00:00+10:00,61.148085134269415,61.296861656349954,61.098489176602214,61.1084098815918,349510,0.0,0.0,0.0
2025-06-12 00:00:00+10:00,61.14808783895431,61.23735526960723,61.04889970287301,61.15800476074219,626140,0.0,0.0,0.0
2025-06-13 00:00:00+10:00,60.949711832409925,61.03897925791032,60.513291626123426,60.870361328125,729956,0.0,0.0,0.0
2025-06-16 00:00:00+10:00,60.96955117697229,61.23735346102176,60.910038297081165,60.999305725097656,511489,0.0,0.0,0.0
2025-06-17 00:00:00+10:00,60.94971195495178,61.09848847532469,60.781094024827446,60.90011978149414,567596,0.0,0.0,0.0
2025-06-18 00:00:00+10:00,60.91995893969748,61.12825214021922,60.89020438975464,60.96955490112305,694359,0.0,0.0,0.0
2025-06-19 00:00:00+10:00,60.800931955029036,61.048896607197705,60.65215543391203,60.98938751220703,569112,0.0,0.0,0.0
2025-06-20 00:00:00+10:00,60.8505238243962,60.91003670272955,60.781094024827446,60.90011978149414,244311,0.0,0.0,0.0
2025-06-23 00:00:00+10:00,61.03898248182382,61.55474943599637,60.98939030584657,61.44564437866211,408690,0.0,0.0,0.0
2025-06-24 00:00:00+10:00,61.84238445978359,61.92173496683491,61.67377030776017,61.87214279174805,452645,0.0,0.0,0.0
2025-06-25 00:00:00+10:00,62.04075772779049,62.1300251575311,61.90189812233632,62.11018753051758,215729,0.0,0.0,0.0
2025-06-26 00:00:00+10:00,61.85230786601681,61.97132984815094,61.7531197278712,61.92173767089844,248562,0.0,0.0,0.0
2025-06-27 00:00:00+10:00,62.1201074272348,62.26888395243889,62.01100237190088,62.249046325683594,411291,0.0,0.0,0.0
2025-06-30 00:00:00+10:00,62.63587579158906,62.79457302558787,62.57636290997431,62.66563034057617,293538,0.0,0.0,0.0
2025-07-01 00:00:00+10:00,62.4107301328149,62.64943419634022,62.27148767662195,62.32121658325195,383219,0.173718,0.0,0.0
2025-07-02 00:00:00+10:00,62.390840911729384,62.54003143310547,62.35105626681942,62.54003143310547,291508,0.0,0.0,0.0
2025-07-03 00:00:00+10:00,62.629540443398845,62.848348386384195,62.609648122387036,62.75883483886719,242184,0.0,0.0,0.0
2025-07-04 00:00:00+10:00,63.04727107673035,63.19646159503086,62.96770558262323,63.03732681274414,219963,0.0,0.0,0.0
2025-07-07 00:00:00+10:00,63.16662058123774,63.634080659422104,63.16662058123774,63.5445671081543,520270,0.0,0.0,0.0
2025-07-08 00:00:00+10:00,63.30586841826699,63.3754896494316,62.937866146028306,63.166622161865234,523299,0.0,0.0,0.0
2025-07-09 00:00:00+10:00,63.16662054103169,63.246189828362404,62.93786453106456,63.02737808227539,235458,0.0,0.0,0.0
2025-07-10 00:00:00+10:00,63.39537933342923,63.40532359715066,63.12683868408203,63.12683868408203,165639,0.0,0.0,0.0
2025-07-11 00:00:00+10:00,63.11689347536745,63.14673385602349,62.82846049148521,62.99754333496094,471495,0.0,0.0,0.0
2025-07-14 00:00:00+10:00,62.75883483886719,62.87818876493806,62.629540443398845,62.75883483886719,270606,0.0,0.0,0.0
2025-07-15 00:00:00+10:00,63.335702770042836,63.59429536323412,63.25613348347788,63.53462219238281,232678,0.0,0.0,0.0
2025-07-16 00:00:00+10:00,63.29591919150357,63.32575577743113,63.15667673174502,63.20640563964844,234376,0.0,0.0,0.0
2025-07-17 00:00:00+10:00,63.48489185799809,63.97224044799805,63.46499953680409,63.97224044799805,363211,0.0,0.0,0.0
2025-07-18 00:00:00+10:00,64.28056035416601,64.37007769436491,64.16121401809345,64.35018157958984,368303,0.0,0.0,0.0
2025-07-21 00:00:00+10:00,64.11148834228516,64.21094616262207,64.07170369652134,64.11148834228516,233231,0.0,0.0,0.0
2025-07-22 00:00:00+10:00,64.04185818403755,64.19104868782362,63.99212548672746,64.09159088134766,238491,0.0,0.0,0.0
2025-07-23 00:00:00+10:00,63.912568658450645,63.912568658450645,63.733541557911494,63.76337814331055,225142,0.0,0.0,0.0
2025-07-24 00:00:00+10:00,63.85289158428587,63.9225128169496,63.614191299173854,63.70370864868164,248182,0.0,0.0,0.0
2025-07-25 00:00:00+10:00,64.01202819250194,64.3203497007699,64.00208013438667,64.19105529785156,257088,0.0,0.0,0.0
2025-07-28 00:00:00+10:00,64.62867401872697,64.80770111083984,64.49937203722384,64.80770111083984,317226,0.0,0.0,0.0
2025-07-29 00:00:00+10:00,64.91710927346651,65.0265151568679,64.85743609639144,64.95689392089844,215804,0.0,0.0,0.0
2025-07-30 00:00:00+10:00,64.81764880796338,64.93700274539607,64.70824292901973,64.91710662841797,228312,0.0,0.0,0.0
2025-07-31 00:00:00+10:00,65.83213608582743,66.05094783633609,65.77245532505096,65.80229949951172,381129,0.0,0.0,0.0
2025-08-01 00:00:00+10:00,65.23537350398213,65.31494279230728,65.08619057355371,65.1060791015625,361397,0.0,0.0,0.0
2025-08-04 00:00:00+10:00,63.92251286152601,64.0319187398089,63.862839687242705,63.99213409423828,353682,0.0,0.0,0.0
2025-08-05 00:00:00+10:00,64.81764021285097,65.05634805606262,64.7679151032901,65.01656341552734,300954,0.0,0.0,0.0
2025-08-06 00:00:00+10:00,64.39991922059544,64.56899826843679,64.33029798982871,64.5391616821289,354632,0.0,0.0,0.0
2025-08-07 00:00:00+10:00,64.74802303640905,64.8673769654758,64.5988325221118,64.61872863769531,314403,0.0,0.0,0.0
2025-08-08 00:00:00+10:00,64.50932046924224,64.68834756239482,64.46953582763672,64.46953582763672,248642,0.0,0.0,0.0
2025-08-11 00:00:00+10:00,64.93699713280046,65.07623958703104,64.93699713280046,64.94694519042969,287308,0.0,0.0,0.0
2025-08-12 00:00:00+10:00,64.84748306459191,65.05635434462837,64.78780989209294,64.99667358398438,270431,0.0,0.0,0.0
2025-08-13 00:00:00+10:00,65.41440187205436,65.48402310364729,65.35472869873047,65.35472869873047,337482,0.0,0.0,0.0
2025-08-14 00:00:00+10:00,65.3845633082382,65.41439989399792,65.19559573571165,65.32489013671875,287890,0.0,0.0,0.0
2025-08-15 00:00:00+10:00,65.98132157765694,66.18024480772222,65.97138110726269,66.07083892822266,268908,0.0,0.0,0.0
2025-08-18 00:00:00+10:00,65.74261509771073,65.772451682374,65.59342458624971,65.63320922851562,229419,0.0,0.0,0.0
2025-08-19 00:00:00+10:00,65.82218802767385,65.86197267214315,65.6928936242574,65.80229949951172,281623,0.0,0.0,0.0
2025-08-20 00:00:00+10:00,65.80230013048208,65.99126770834197,65.72273084078049,65.81224060058594,208224,0.0,0.0,0.0
2025-08-21 00:00:00+10:00,65.8420751717229,66.09072350332026,65.79235005829035,66.01116180419922,236125,0.0,0.0,0.0
2025-08-22 00:00:00+10:00,65.84207323098966,65.84207323098966,65.69289030694439,65.7525634765625,244302,0.0,0.0,0.0
2025-08-25 00:00:00+10:00,66.12056434776872,66.17028945869744,65.96142578125,65.96142578125,251676,0.0,0.0,0.0
2025-08-26 00:00:00+10:00,65.92164414169724,65.9415402574904,65.52380529542735,65.89180755615234,410395,0.0,0.0,0.0
2025-08-27 00:00:00+10:00,66.05094407631118,66.1802384723674,65.96142673431487,66.0907211303711,221314,0.0,0.0,0.0
2025-08-28 00:00:00+10:00,65.79235104315478,65.99126667615234,65.75256639892626,65.91169738769531,235426,0.0,0.0,0.0
2025-08-29 00:00:00+10:00,65.99126604416928,66.02110263001867,65.85202358477548,65.9017562866211,196844,0.0,0.0,0.0
2025-09-01 00:00:00+10:00,65.62327450449105,65.6928957375157,65.37462615966797,65.37462615966797,258048,0.0,0.0,0.0
2025-09-02 00:00:00+10:00,65.32489305397831,65.52380869335619,65.29505646688615,65.48402404785156,233351,0.0,0.0,0.0
2025-09-03 00:00:00+10:00,65.35472672247847,65.3945113662064,65.22543232147137,65.32489013671875,204697,0.0,0.0,0.0
2025-09-04 00:00:00+10:00,65.3348331539716,65.64315463389431,65.30499657051384,65.59342193603516,244359,0.0,0.0,0.0
2025-09-05 00:00:00+10:00,66.17029373943666,66.22002644172723,66.12056862529109,66.14045715332031,249066,0.0,0.0,0.0
2025-09-08 00:00:00+10:00,65.76251422385523,65.82218739591393,65.51386588941739,65.56359100341797,233398,0.0,0.0,0.0
2025-09-09 00:00:00+10:00,65.3945106928866,65.45418386379163,65.2353721196134,65.31494140625,193091,0.0,0.0,0.0
2025-09-10 00:00:00+10:00,65.67299291545665,65.8122353672895,65.50391387939453,65.50391387939453,202613,0.0,0.0,0.0
2025-09-11 00:00:00+10:00,65.55364753212842,65.6630458131789,65.53375141692315,65.63320922851562,201222,0.0,0.0,0.0
2025-09-12 00:00:00+10:00,65.58348676339412,65.6729965209961,65.52380600351454,65.6729965209961,586702,0.0,0.0,0.0
2025-09-15 00:00:00+10:00,65.69289133253453,65.71277986000284,65.58348546109687,65.65310668945312,376969,0.0,0.0,0.0
2025-09-16 00:00:00+10:00,65.77245693892185,65.98132063640183,65.72273182322388,65.94154357910156,310663,0.0,0.0,0.0
2025-09-17 00:00:00+10:00,65.59343090924399,65.71278484754707,65.54370579272674,65.61332702636719,243152,0.0,0.0,0.0
2025-09-18 00:00:00+10:00,66.0310492297114,66.39905148606472,65.99126458674255,66.33937072753906,264700,0.0,0.0,0.0
2025-09-19 00:00:00+10:00,66.60791872931739,66.73721313476562,66.53829749743831,66.73721313476562,197921,0.0,0.0,0.0
2025-09-22 00:00:00+10:00,66.99580383300781,67.07537311642609,66.94607113383525,66.99580383300781,289856,0.0,0.0,0.0
2025-09-23 00:00:00+10:00,67.26434689279576,67.46327011971668,67.24445836417627,67.43343353271484,259582,0.0,0.0,0.0
2025-09-24 00:00:00+10:00,66.97590774533242,67.05547702878309,66.71731895633454,66.76704406738281,317326,0.0,0.0,0.0
2025-09-25 00:00:00+10:00,66.8963527005053,66.98586246217751,66.79689488037667,66.86651611328125,155981,0.0,0.0,0.0
2025-09-26 00:00:00+10:00,67.03559377311508,67.10521500457271,66.92618789680378,67.07537841796875,213759,0.0,0.0,0.0
2025-09-29 00:00:00+10:00,67.3538612794561,67.4533190944694,67.26932175728754,67.2742919921875,271034,0.0,0.0,0.0
2025-09-30 00:00:00+10:00,67.15493913075076,67.25440453549297,66.8366695647527,66.94607543945312,236972,0.0,0.0,0.0
2025-10-01 00:00:00+10:00,66.9659669254104,67.0355881510291,66.84661300085928,66.87644958496094,170005,0.0,0.0,0.0
2025-10-02 00:00:00+10:00,67.2941851060692,67.52293731158062,67.2941851060692,67.34391021728516,199146,0.0,0.0,0.0
2025-10-03 00:00:00+10:00,67.60100859181865,67.8203564972287,67.56112507983444,67.7705078125,249305,0.167849,0.0,0.0
2025-10-06 00:00:00+11:00,67.7804811359364,67.80041908858738,67.57109079458915,67.70071411132812,330845,0.0,0.0,0.0
2025-10-07 00:00:00+11:00,67.51126987228211,67.64088558306076,67.46142118675289,67.63092041015625,252979,0.0,0.0,0.0
2025-10-08 00:00:00+11:00,67.74059545684715,68.03971037905727,67.66082843479035,67.97988891601562,244302,0.0,0.0,0.0
2025-10-09 00:00:00+11:00,68.06962103222506,68.19924434466863,67.81038962134173,67.85027313232422,243017,0.0,0.0,0.0
2025-10-10 00:00:00+11:00,68.22915523292943,68.27901152352258,68.09953952718993,68.10950469970703,204922,0.0,0.0,0.0
2025-10-13 00:00:00+11:00,67.57109539043601,67.70071871599131,67.45145245238825,67.53121948242188,834038,0.0,0.0,0.0
2025-10-14 00:00:00+11:00,67.73062848690405,68.00980548104722,67.70071775281765,67.93003845214844,311501,0.0,0.0,0.0
2025-10-15 00:00:00+11:00,67.97989474696082,68.04968899549661,67.80042273543985,67.93003845214844,274927,0.0,0.0,0.0
2025-10-16 00:00:00+11:00,68.08956684779552,68.29894957599117,67.94997836233175,68.23912811279297,435677,0.0,0.0,0.0
2025-10-17 00:00:00+11:00,67.66082879762746,67.8602387468369,67.57108899558185,67.6508560180664,403621,0.0,0.0,0.0
2025-10-20 00:00:00+11:00,68.12945331591357,68.2889797603666,67.95995409149401,68.27901458740234,276753,0.0,0.0,0.0
2025-10-21 00:00:00+11:00,68.63795479924666,68.81742681359518,68.58810611065148,68.767578125,193600,0.0,0.0,0.0
2025-10-22 00:00:00+11:00,68.8872211281619,68.94705020433625,68.81742687846072,68.8971939086914,237535,0.0,0.0,0.0
2025-10-23 00:00:00+11:00,68.56816046236749,68.76757803750249,68.42857196327432,68.63795471191406,262794,0.0,0.0,0.0
2025-10-27 00:00:00+11:00,69.45555122029099,69.59513971106544,69.39572214781464,69.58516693115234,296044,0.0,0.0,0.0
2025-10-28 00:00:00+11:00,69.60510542889415,69.66493450183889,69.49542766999812,69.51537322998047,290023,0.0,0.0,0.0
2025-10-29 00:00:00+11:00,69.53531234479912,69.57519585842792,69.29601887002876,69.50540161132812,371339,0.0,0.0,0.0
2025-10-30 00:00:00+11:00,69.54528738447324,69.76464291305724,69.29602112144646,69.35584259033203,520454,0.0,0.0,0.0
2025-10-31 00:00:00+11:00,69.51537330166214,69.67489974667394,69.46551700865717,69.64498901367188,223680,0.0,0.0,0.0
2025-11-03 00:00:00+11:00,69.64498948818256,69.71478373466367,69.42563396866979,69.4455795288086,378211,0.0,0.0,0.0
2025-11-04 00:00:00+11:00,69.59514070827413,69.65496217460543,69.25613464939136,69.31595611572266,392782,0.0,0.0,0.0
2025-11-05 00:00:00+11:00,69.27607897570623,69.31595488121536,68.99689438812699,69.1963119506836,382046,0.0,0.0,0.0
2025-11-06 00:00:00+11:00,69.38574919970412,69.45555105192436,69.19631202382784,69.325927734375,189536,0.0,0.0,0.0
2025-11-07 00:00:00+11:00,69.01684039631213,69.11654537473716,68.87725190511665,68.99689483642578,353254,0.0,0.0,0.0
2025-11-10 00:00:00+11:00,69.10657610815541,69.22622665254978,68.87725540681947,68.96698760986328,359393,0.0,0.0,0.0
2025-11-11 00:00:00+11:00,69.39572680521236,69.58517160126439,69.39572680521236,69.5452880859375,279914,0.0,0.0,0.0
2025-11-12 00:00:00+11:00,69.65496482002978,69.87432034757853,69.62505408572815,69.81449127197266,296550,0.0,0.0,0.0
2025-11-13 00:00:00+11:00,69.56522075392685,69.5951390934006,69.21624953008788,69.52534484863281,225601,0.0,0.0,0.0
2025-11-14 00:00:00+11:00,68.6878091608423,68.72769267479708,68.42857012363754,68.45848846435547,336956,0.0,0.0,0.0
2025-11-17 00:00:00+11:00,68.50833683509984,68.96698583295745,68.35877556021092,68.9171371459961,774422,0.0,0.0,0.0
2025-11-18 00:00:00+11:00,68.32886553031013,68.48839958703525,67.99983224356646,68.12945556640625,500419,0.0,0.0,0.0
2025-11-19 00:00:00+11:00,67.47138466025946,67.89015012176819,67.37167968471005,67.71068572998047,370354,0.0,0.0,0.0
2025-11-20 00:00:00+11:00,68.56815775939394,69.02681436062275,68.30892633244142,68.98693084716797,395305,0.0,0.0,0.0
2025-11-21 00:00:00+11:00,67.53121425036798,67.76053493519444,67.32182391100181,67.64088439941406,459575,0.0,0.0,0.0
2025-11-24 00:00:00+11:00,68.29895073806001,68.36874498197942,68.1693350299246,68.22915649414062,456312,0.0,0.0,0.0
2025-11-25 00:00:00+11:00,68.99689251451534,69.04674880555119,68.8672768076249,69.01683807373047,263698,0.0,0.0,0.0
2025-11-26 00:00:00+11:00,69.42563506117102,69.555258383106,69.29601934623851,69.30599212646484,333748,0.0,0.0,0.0
2025-11-27 00:00:00+11:00,69.50539857328921,69.53530930545283,69.29601584114184,69.33589935302734,209386,0.0,0.0,0.0
2025-11-28 00:00:00+11:00,69.35584040634113,69.63501739501953,69.32592967284023,69.63501739501953,277125,0.0,0.0,0.0
2025-12-01 00:00:00+11:00,69.53531149201112,69.58516778518627,68.9968954751292,69.05672454833984,362101,0.0,0.0,0.0
2025-12-02 00:00:00+11:00,69.29602099019188,69.38575319335028,69.06669268156044,69.09661102294922,259390,0.0,0.0,0.0
2025-12-03 00:00:00+11:00,69.14645501855564,69.27607833476871,68.99689374977247,69.13648223876953,297938,0.0,0.0,0.0
2025-12-04 00:00:00+11:00,69.096604997092,69.12651572886965,68.85730392886688,68.88721466064453,273946,0.0,0.0,0.0
2025-12-05 00:00:00+11:00,68.95702307198799,69.07666601048248,68.94705029144589,69.02681732177734,228808,0.0,0.0,0.0
2025-12-08 00:00:00+11:00,68.87725299428378,68.91713650768493,68.75760245408036,68.85730743408203,427710,0.0,0.0,0.0
2025-12-09 00:00:00+11:00,68.84733914591347,68.92709856210459,68.5482166124402,68.55818939208984,460156,0.0,0.0,0.0
2025-12-10 00:00:00+11:00,68.45848673589188,68.6080404006932,68.4186032229441,68.53824615478516,206568,0.0,0.0,0.0
2025-12-11 00:00:00+11:00,68.65789426860309,68.65789426860309,68.17929973713619,68.4285659790039,329437,0.0,0.0,0.0
2025-12-12 00:00:00+11:00,68.93707742380674,68.94705020433625,68.75760540928906,68.8971939086914,209664,0.0,0.0,0.0
2025-12-15 00:00:00+11:00,68.31889181718402,68.78751359366233,68.2092216634361,68.52828216552734,257101,0.0,0.0,0.0
2025-12-16 00:00:00+11:00,68.30892217674848,68.48839417287533,67.94000540498723,67.97988891601562,344474,0.0,0.0,0.0
2025-12-17 00:00:00+11:00,68.04968449449046,68.27901278565537,67.98986303027442,68.22915649414062,266778,0.0,0.0,0.0
2025-12-18 00:00:00+11:00,67.83032757333201,67.94000532678339,67.72064981988065,67.85027313232422,643430,0.0,0.0,0.0
2025-12-19 00:00:00+11:00,68.029751197765,68.23913394385248,67.99983285660743,68.18927764892578,345641,0.0,0.0,0.0
2025-12-22 00:00:00+11:00,68.82739663029018,68.98693068373136,68.72769165039062,68.72769165039062,404295,0.0,0.0,0.0
2025-12-23 00:00:00+11:00,68.71771583147411,68.74762656342104,68.53824383279056,68.55818939208984,212168,0.0,0.0,0.0
2025-12-24 00:00:00+11:00,68.55819047904619,68.71771692095966,68.3886836503228,68.4186019897461,354932,0.0,0.0,0.0
2025-12-29 00:00:00+11:00,68.79000091552734,68.88999938964844,68.47000122070312,68.52999877929688,260784,0.201398,0.0,0.0
2025-12-30 00:00:00+11:00,68.5999984741211,68.63999938964844,68.44999694824219,68.47000122070312,213199,0.0,0.0,0.0
2025-12-31 00:00:00+11:00,68.51000213623047,68.55000305175781,68.33000183105469,68.44999694824219,224263,0.0,0.0,0.0
2026-01-02 00:00:00+11:00,68.4000015258789,68.43000030517578,68.2300033569336,68.30999755859375,173377,0.0,0.0,0.0
